{"engine":"canonical-c","durationMs":0.002,"count":3,"buildFlags":"-std=c99 -Wall -Wextra -pedantic -Iinclude -Ivendor/cjson -I../stats","colors":[{"oklab":{"l":0.614976942539215,"a":-6.6788365074899048e-05,"b":-0.0077685993164777756},"rgb":{"r":0.22551135718822479,"g":0.232565701007843,"b":0.25195774435997009}},{"oklab":{"l":0.53989225625991821,"a":-0.010384134948253632,"b":-0.0047032642178237438},"rgb":{"r":0.13663607835769653,"g":0.16408431529998779,"b":0.16712115705013275}},{"oklab":{"l":0.62618017196655273,"a":6.19103730059578e-06,"b":-0.00818695593625307},"rgb":{"r":0.23797737061977386,"g":0.24543850123882294,"b":0.26670050621032715}}]}