This is pdfTeX, Version 3.141592653-2.6-1.40.27 (TeX Live 2025) (preloaded format=pdflatex)
 restricted \write18 enabled.
entering extended mode
(./main.tex
LaTeX2e <2024-11-01> patch level 2
L3 programming layer <2025-01-18>
(./preamble.tex (/usr/local/texlive/2025/texmf-dist/tex/latex/base/report.cls
Document Class: report 2024/06/29 v1.4n Standard LaTeX document class
(/usr/local/texlive/2025/texmf-dist/tex/latex/base/size12.clo))
(/usr/local/texlive/2025/texmf-dist/tex/latex/base/fontenc.sty)
(/usr/local/texlive/2025/texmf-dist/tex/latex/lm/lmodern.sty)
(/usr/local/texlive/2025/texmf-dist/tex/generic/babel/babel.sty
(/usr/local/texlive/2025/texmf-dist/tex/generic/babel/txtbabel.def)
(/usr/local/texlive/2025/texmf-dist/tex/generic/babel-english/english.ldf))
(/usr/local/texlive/2025/texmf-dist/tex/generic/babel/locale/en/babel-english.t
ex) (/usr/local/texlive/2025/texmf-dist/tex/latex/amsmath/amsmath.sty
For additional information on amsmath, use the `?' option.
(/usr/local/texlive/2025/texmf-dist/tex/latex/amsmath/amstext.sty
(/usr/local/texlive/2025/texmf-dist/tex/latex/amsmath/amsgen.sty))
(/usr/local/texlive/2025/texmf-dist/tex/latex/amsmath/amsbsy.sty)
(/usr/local/texlive/2025/texmf-dist/tex/latex/amsmath/amsopn.sty))
(/usr/local/texlive/2025/texmf-dist/tex/latex/amsfonts/amssymb.sty
(/usr/local/texlive/2025/texmf-dist/tex/latex/amsfonts/amsfonts.sty))
(/usr/local/texlive/2025/texmf-dist/tex/latex/amscls/amsthm.sty)
(/usr/local/texlive/2025/texmf-dist/tex/latex/mathtools/mathtools.sty
(/usr/local/texlive/2025/texmf-dist/tex/latex/graphics/keyval.sty)
(/usr/local/texlive/2025/texmf-dist/tex/latex/tools/calc.sty)
(/usr/local/texlive/2025/texmf-dist/tex/latex/mathtools/mhsetup.sty))
(/usr/local/texlive/2025/texmf-dist/tex/latex/physics/physics.sty
(/usr/local/texlive/2025/texmf-dist/tex/latex/l3packages/xparse/xparse.sty
(/usr/local/texlive/2025/texmf-dist/tex/latex/l3kernel/expl3.sty
(/usr/local/texlive/2025/texmf-dist/tex/latex/l3backend/l3backend-pdftex.def)))
) (/usr/local/texlive/2025/texmf-dist/tex/latex/graphics/graphicx.sty
(/usr/local/texlive/2025/texmf-dist/tex/latex/graphics/graphics.sty
(/usr/local/texlive/2025/texmf-dist/tex/latex/graphics/trig.sty)
(/usr/local/texlive/2025/texmf-dist/tex/latex/graphics-cfg/graphics.cfg)
(/usr/local/texlive/2025/texmf-dist/tex/latex/graphics-def/pdftex.def)))
(/usr/local/texlive/2025/texmf-dist/tex/latex/xcolor/xcolor.sty
(/usr/local/texlive/2025/texmf-dist/tex/latex/graphics-cfg/color.cfg)
(/usr/local/texlive/2025/texmf-dist/tex/latex/graphics/mathcolor.ltx))
(/usr/local/texlive/2025/texmf-dist/tex/latex/pgf/frontendlayer/tikz.sty
(/usr/local/texlive/2025/texmf-dist/tex/latex/pgf/basiclayer/pgf.sty
(/usr/local/texlive/2025/texmf-dist/tex/latex/pgf/utilities/pgfrcs.sty
(/usr/local/texlive/2025/texmf-dist/tex/generic/pgf/utilities/pgfutil-common.te
x)
(/usr/local/texlive/2025/texmf-dist/tex/generic/pgf/utilities/pgfutil-latex.def
) (/usr/local/texlive/2025/texmf-dist/tex/generic/pgf/utilities/pgfrcs.code.tex
(/usr/local/texlive/2025/texmf-dist/tex/generic/pgf/pgf.revision.tex)))
(/usr/local/texlive/2025/texmf-dist/tex/latex/pgf/basiclayer/pgfcore.sty
(/usr/local/texlive/2025/texmf-dist/tex/latex/pgf/systemlayer/pgfsys.sty
(/usr/local/texlive/2025/texmf-dist/tex/generic/pgf/systemlayer/pgfsys.code.tex
(/usr/local/texlive/2025/texmf-dist/tex/generic/pgf/utilities/pgfkeys.code.tex
(/usr/local/texlive/2025/texmf-dist/tex/generic/pgf/utilities/pgfkeyslibraryfil
tered.code.tex))
(/usr/local/texlive/2025/texmf-dist/tex/generic/pgf/systemlayer/pgf.cfg)
(/usr/local/texlive/2025/texmf-dist/tex/generic/pgf/systemlayer/pgfsys-pdftex.d
ef
(/usr/local/texlive/2025/texmf-dist/tex/generic/pgf/systemlayer/pgfsys-common-p
df.def)))
(/usr/local/texlive/2025/texmf-dist/tex/generic/pgf/systemlayer/pgfsyssoftpath.
code.tex)
(/usr/local/texlive/2025/texmf-dist/tex/generic/pgf/systemlayer/pgfsysprotocol.
code.tex))
(/usr/local/texlive/2025/texmf-dist/tex/generic/pgf/basiclayer/pgfcore.code.tex
(/usr/local/texlive/2025/texmf-dist/tex/generic/pgf/math/pgfmath.code.tex
(/usr/local/texlive/2025/texmf-dist/tex/generic/pgf/math/pgfmathutil.code.tex)
(/usr/local/texlive/2025/texmf-dist/tex/generic/pgf/math/pgfmathparser.code.tex
)
(/usr/local/texlive/2025/texmf-dist/tex/generic/pgf/math/pgfmathfunctions.code.
tex)
(/usr/local/texlive/2025/texmf-dist/tex/generic/pgf/math/pgfmathfunctions.basic
.code.tex)
(/usr/local/texlive/2025/texmf-dist/tex/generic/pgf/math/pgfmathfunctions.trigo
nometric.code.tex)
(/usr/local/texlive/2025/texmf-dist/tex/generic/pgf/math/pgfmathfunctions.rando
m.code.tex)
(/usr/local/texlive/2025/texmf-dist/tex/generic/pgf/math/pgfmathfunctions.compa
rison.code.tex)
(/usr/local/texlive/2025/texmf-dist/tex/generic/pgf/math/pgfmathfunctions.base.
code.tex)
(/usr/local/texlive/2025/texmf-dist/tex/generic/pgf/math/pgfmathfunctions.round
.code.tex)
(/usr/local/texlive/2025/texmf-dist/tex/generic/pgf/math/pgfmathfunctions.misc.
code.tex)
(/usr/local/texlive/2025/texmf-dist/tex/generic/pgf/math/pgfmathfunctions.integ
erarithmetics.code.tex)
(/usr/local/texlive/2025/texmf-dist/tex/generic/pgf/math/pgfmathcalc.code.tex)
(/usr/local/texlive/2025/texmf-dist/tex/generic/pgf/math/pgfmathfloat.code.tex)
) (/usr/local/texlive/2025/texmf-dist/tex/generic/pgf/math/pgfint.code.tex)
(/usr/local/texlive/2025/texmf-dist/tex/generic/pgf/basiclayer/pgfcorepoints.co
de.tex)
(/usr/local/texlive/2025/texmf-dist/tex/generic/pgf/basiclayer/pgfcorepathconst
ruct.code.tex)
(/usr/local/texlive/2025/texmf-dist/tex/generic/pgf/basiclayer/pgfcorepathusage
.code.tex)
(/usr/local/texlive/2025/texmf-dist/tex/generic/pgf/basiclayer/pgfcorescopes.co
de.tex)
(/usr/local/texlive/2025/texmf-dist/tex/generic/pgf/basiclayer/pgfcoregraphicst
ate.code.tex)
(/usr/local/texlive/2025/texmf-dist/tex/generic/pgf/basiclayer/pgfcoretransform
ations.code.tex)
(/usr/local/texlive/2025/texmf-dist/tex/generic/pgf/basiclayer/pgfcorequick.cod
e.tex)
(/usr/local/texlive/2025/texmf-dist/tex/generic/pgf/basiclayer/pgfcoreobjects.c
ode.tex)
(/usr/local/texlive/2025/texmf-dist/tex/generic/pgf/basiclayer/pgfcorepathproce
ssing.code.tex)
(/usr/local/texlive/2025/texmf-dist/tex/generic/pgf/basiclayer/pgfcorearrows.co
de.tex)
(/usr/local/texlive/2025/texmf-dist/tex/generic/pgf/basiclayer/pgfcoreshade.cod
e.tex)
(/usr/local/texlive/2025/texmf-dist/tex/generic/pgf/basiclayer/pgfcoreimage.cod
e.tex)
(/usr/local/texlive/2025/texmf-dist/tex/generic/pgf/basiclayer/pgfcoreexternal.
code.tex)
(/usr/local/texlive/2025/texmf-dist/tex/generic/pgf/basiclayer/pgfcorelayers.co
de.tex)
(/usr/local/texlive/2025/texmf-dist/tex/generic/pgf/basiclayer/pgfcoretranspare
ncy.code.tex)
(/usr/local/texlive/2025/texmf-dist/tex/generic/pgf/basiclayer/pgfcorepatterns.
code.tex)
(/usr/local/texlive/2025/texmf-dist/tex/generic/pgf/basiclayer/pgfcorerdf.code.
tex)))
(/usr/local/texlive/2025/texmf-dist/tex/generic/pgf/modules/pgfmoduleshapes.cod
e.tex)
(/usr/local/texlive/2025/texmf-dist/tex/generic/pgf/modules/pgfmoduleplot.code.
tex)
(/usr/local/texlive/2025/texmf-dist/tex/latex/pgf/compatibility/pgfcomp-version
-0-65.sty)
(/usr/local/texlive/2025/texmf-dist/tex/latex/pgf/compatibility/pgfcomp-version
-1-18.sty))
(/usr/local/texlive/2025/texmf-dist/tex/latex/pgf/utilities/pgffor.sty
(/usr/local/texlive/2025/texmf-dist/tex/latex/pgf/utilities/pgfkeys.sty
(/usr/local/texlive/2025/texmf-dist/tex/generic/pgf/utilities/pgfkeys.code.tex)
) (/usr/local/texlive/2025/texmf-dist/tex/latex/pgf/math/pgfmath.sty
(/usr/local/texlive/2025/texmf-dist/tex/generic/pgf/math/pgfmath.code.tex))
(/usr/local/texlive/2025/texmf-dist/tex/generic/pgf/utilities/pgffor.code.tex))

(/usr/local/texlive/2025/texmf-dist/tex/generic/pgf/frontendlayer/tikz/tikz.cod
e.tex
(/usr/local/texlive/2025/texmf-dist/tex/generic/pgf/libraries/pgflibraryplothan
dlers.code.tex)
(/usr/local/texlive/2025/texmf-dist/tex/generic/pgf/modules/pgfmodulematrix.cod
e.tex)
(/usr/local/texlive/2025/texmf-dist/tex/generic/pgf/frontendlayer/tikz/librarie
s/tikzlibrarytopaths.code.tex)))
(/usr/local/texlive/2025/texmf-dist/tex/generic/pgf/frontendlayer/tikz/librarie
s/tikzlibraryshapes.code.tex
(/usr/local/texlive/2025/texmf-dist/tex/generic/pgf/frontendlayer/tikz/librarie
s/tikzlibraryshapes.geometric.code.tex
(/usr/local/texlive/2025/texmf-dist/tex/generic/pgf/libraries/shapes/pgflibrary
shapes.geometric.code.tex))
(/usr/local/texlive/2025/texmf-dist/tex/generic/pgf/frontendlayer/tikz/librarie
s/tikzlibraryshapes.misc.code.tex
(/usr/local/texlive/2025/texmf-dist/tex/generic/pgf/libraries/shapes/pgflibrary
shapes.misc.code.tex))
(/usr/local/texlive/2025/texmf-dist/tex/generic/pgf/frontendlayer/tikz/librarie
s/tikzlibraryshapes.symbols.code.tex
(/usr/local/texlive/2025/texmf-dist/tex/generic/pgf/libraries/shapes/pgflibrary
shapes.symbols.code.tex))
(/usr/local/texlive/2025/texmf-dist/tex/generic/pgf/frontendlayer/tikz/librarie
s/tikzlibraryshapes.arrows.code.tex
(/usr/local/texlive/2025/texmf-dist/tex/generic/pgf/libraries/shapes/pgflibrary
shapes.arrows.code.tex))
(/usr/local/texlive/2025/texmf-dist/tex/generic/pgf/frontendlayer/tikz/librarie
s/tikzlibraryshapes.callouts.code.tex
(/usr/local/texlive/2025/texmf-dist/tex/generic/pgf/libraries/shapes/pgflibrary
shapes.callouts.code.tex))
(/usr/local/texlive/2025/texmf-dist/tex/generic/pgf/frontendlayer/tikz/librarie
s/tikzlibraryshapes.multipart.code.tex
(/usr/local/texlive/2025/texmf-dist/tex/generic/pgf/libraries/shapes/pgflibrary
shapes.multipart.code.tex)))
(/usr/local/texlive/2025/texmf-dist/tex/generic/pgf/frontendlayer/tikz/librarie
s/tikzlibraryarrows.code.tex
(/usr/local/texlive/2025/texmf-dist/tex/generic/pgf/libraries/pgflibraryarrows.
code.tex))
(/usr/local/texlive/2025/texmf-dist/tex/generic/pgf/frontendlayer/tikz/librarie
s/tikzlibrarypositioning.code.tex)
(/usr/local/texlive/2025/texmf-dist/tex/latex/geometry/geometry.sty
(/usr/local/texlive/2025/texmf-dist/tex/generic/iftex/ifvtex.sty
(/usr/local/texlive/2025/texmf-dist/tex/generic/iftex/iftex.sty)))
(/usr/local/texlive/2025/texmf-dist/tex/latex/setspace/setspace.sty)
(/usr/local/texlive/2025/texmf-dist/tex/latex/csquotes/csquotes.sty
(/usr/local/texlive/2025/texmf-dist/tex/latex/etoolbox/etoolbox.sty)
(/usr/local/texlive/2025/texmf-dist/tex/latex/csquotes/csquotes.def)
(/usr/local/texlive/2025/texmf-dist/tex/latex/csquotes/csquotes.cfg))
(/usr/local/texlive/2025/texmf-dist/tex/latex/biblatex/biblatex.sty
(/usr/local/texlive/2025/texmf-dist/tex/generic/pdftexcmds/pdftexcmds.sty
(/usr/local/texlive/2025/texmf-dist/tex/generic/infwarerr/infwarerr.sty)
(/usr/local/texlive/2025/texmf-dist/tex/generic/ltxcmds/ltxcmds.sty))
(/usr/local/texlive/2025/texmf-dist/tex/latex/kvoptions/kvoptions.sty
(/usr/local/texlive/2025/texmf-dist/tex/latex/kvsetkeys/kvsetkeys.sty))
(/usr/local/texlive/2025/texmf-dist/tex/latex/logreq/logreq.sty
(/usr/local/texlive/2025/texmf-dist/tex/latex/logreq/logreq.def))
(/usr/local/texlive/2025/texmf-dist/tex/latex/base/ifthen.sty)
(/usr/local/texlive/2025/texmf-dist/tex/latex/url/url.sty)
(/usr/local/texlive/2025/texmf-dist/tex/latex/biblatex/blx-dm.def)
(/usr/local/texlive/2025/texmf-dist/tex/latex/biblatex/blx-compat.def)
(/usr/local/texlive/2025/texmf-dist/tex/latex/biblatex/biblatex.def)
(/usr/local/texlive/2025/texmf-dist/tex/latex/biblatex/blx-natbib.def)
(/usr/local/texlive/2025/texmf-dist/tex/latex/biblatex/bbx/authoryear.bbx
(/usr/local/texlive/2025/texmf-dist/tex/latex/biblatex/bbx/standard.bbx))
(/usr/local/texlive/2025/texmf-dist/tex/latex/biblatex/cbx/authoryear.cbx)
(/usr/local/texlive/2025/texmf-dist/tex/latex/biblatex/biblatex.cfg)
(/usr/local/texlive/2025/texmf-dist/tex/latex/biblatex/blx-case-expl3.sty))
(/usr/local/texlive/2025/texmf-dist/tex/latex/xurl/xurl.sty
xurl: Set penalties for biblatex
) (/usr/local/texlive/2025/texmf-dist/tex/latex/hyperref/hyperref.sty
(/usr/local/texlive/2025/texmf-dist/tex/generic/kvdefinekeys/kvdefinekeys.sty)
(/usr/local/texlive/2025/texmf-dist/tex/generic/pdfescape/pdfescape.sty)
(/usr/local/texlive/2025/texmf-dist/tex/latex/hycolor/hycolor.sty)
(/usr/local/texlive/2025/texmf-dist/tex/latex/hyperref/nameref.sty
(/usr/local/texlive/2025/texmf-dist/tex/latex/refcount/refcount.sty)
(/usr/local/texlive/2025/texmf-dist/tex/generic/gettitlestring/gettitlestring.s
ty)) (/usr/local/texlive/2025/texmf-dist/tex/generic/stringenc/stringenc.sty)
(/usr/local/texlive/2025/texmf-dist/tex/latex/hyperref/pd1enc.def)
(/usr/local/texlive/2025/texmf-dist/tex/generic/intcalc/intcalc.sty)
(/usr/local/texlive/2025/texmf-dist/tex/latex/hyperref/puenc.def)
(/usr/local/texlive/2025/texmf-dist/tex/generic/bitset/bitset.sty
(/usr/local/texlive/2025/texmf-dist/tex/generic/bigintcalc/bigintcalc.sty))
(/usr/local/texlive/2025/texmf-dist/tex/latex/base/atbegshi-ltx.sty))
(/usr/local/texlive/2025/texmf-dist/tex/latex/hyperref/hpdftex.def
(/usr/local/texlive/2025/texmf-dist/tex/latex/base/atveryend-ltx.sty)
(/usr/local/texlive/2025/texmf-dist/tex/latex/rerunfilecheck/rerunfilecheck.sty

(/usr/local/texlive/2025/texmf-dist/tex/generic/uniquecounter/uniquecounter.sty
))) (/usr/local/texlive/2025/texmf-dist/tex/latex/cleveref/cleveref.sty)
(/usr/local/texlive/2025/texmf-dist/tex/latex/fancyhdr/fancyhdr.sty)
(/usr/local/texlive/2025/texmf-dist/tex/latex/booktabs/booktabs.sty)
(/usr/local/texlive/2025/texmf-dist/tex/latex/tools/array.sty)
(/usr/local/texlive/2025/texmf-dist/tex/latex/tools/longtable.sty)
(/usr/local/texlive/2025/texmf-dist/tex/latex/enumitem/enumitem.sty)
(/usr/local/texlive/2025/texmf-dist/tex/latex/tcolorbox/tcolorbox.sty
(/usr/local/texlive/2025/texmf-dist/tex/latex/tools/verbatim.sty)
(/usr/local/texlive/2025/texmf-dist/tex/latex/environ/environ.sty
(/usr/local/texlive/2025/texmf-dist/tex/latex/trimspaces/trimspaces.sty))
(/usr/local/texlive/2025/texmf-dist/tex/latex/tcolorbox/tcbraster.code.tex
Library (tcolorbox): 'tcbraster.code.tex' version '6.4.1'
) (/usr/local/texlive/2025/texmf-dist/tex/latex/tcolorbox/tcbskins.code.tex
Library (tcolorbox): 'tcbskins.code.tex' version '6.4.1'
(/usr/local/texlive/2025/texmf-dist/tex/latex/tikzfill/tikzfill.image.sty
(/usr/local/texlive/2025/texmf-dist/tex/latex/tikzfill/tikzfill-common.sty)
(/usr/local/texlive/2025/texmf-dist/tex/latex/tikzfill/tikzlibraryfill.image.co
de.tex))
(/usr/local/texlive/2025/texmf-dist/tex/latex/tcolorbox/tcbskinsjigsaw.code.tex
Library (tcolorbox): 'tcbskinsjigsaw.code.tex' version '6.4.1'
))
(/usr/local/texlive/2025/texmf-dist/tex/latex/tcolorbox/tcbbreakable.code.tex
Library (tcolorbox): 'tcbbreakable.code.tex' version '6.4.1'
(/usr/local/texlive/2025/texmf-dist/tex/latex/pdfcol/pdfcol.sty))
(/usr/local/texlive/2025/texmf-dist/tex/latex/tcolorbox/tcbhooks.code.tex
Library (tcolorbox): 'tcbhooks.code.tex' version '6.4.1'
) (/usr/local/texlive/2025/texmf-dist/tex/latex/tcolorbox/tcbtheorems.code.tex
Library (tcolorbox): 'tcbtheorems.code.tex' version '6.4.1'
) (/usr/local/texlive/2025/texmf-dist/tex/latex/tcolorbox/tcbfitting.code.tex
Library (tcolorbox): 'tcbfitting.code.tex' version '6.4.1'
)
(/usr/local/texlive/2025/texmf-dist/tex/latex/tcolorbox/tcblistingsutf8.code.te
x
Library (tcolorbox): 'tcblistingsutf8.code.tex' version '6.4.1'
(/usr/local/texlive/2025/texmf-dist/tex/latex/tcolorbox/tcblistings.code.tex
Library (tcolorbox): 'tcblistings.code.tex' version '6.4.1'
(/usr/local/texlive/2025/texmf-dist/tex/latex/listings/listings.sty
(/usr/local/texlive/2025/texmf-dist/tex/latex/listings/lstpatch.sty)
(/usr/local/texlive/2025/texmf-dist/tex/latex/listings/lstmisc.sty)
(/usr/local/texlive/2025/texmf-dist/tex/latex/listings/listings.cfg))
(/usr/local/texlive/2025/texmf-dist/tex/latex/tcolorbox/tcblistingscore.code.te
x
Library (tcolorbox): 'tcblistingscore.code.tex' version '6.4.1'
(/usr/local/texlive/2025/texmf-dist/tex/latex/tcolorbox/tcbprocessing.code.tex
Library (tcolorbox): 'tcbprocessing.code.tex' version '6.4.1'
))) (/usr/local/texlive/2025/texmf-dist/tex/latex/listingsutf8/listingsutf8.sty
)) (/usr/local/texlive/2025/texmf-dist/tex/latex/tcolorbox/tcbexternal.code.tex
Library (tcolorbox): 'tcbexternal.code.tex' version '6.4.1'
) (/usr/local/texlive/2025/texmf-dist/tex/latex/tcolorbox/tcbmagazine.code.tex
Library (tcolorbox): 'tcbmagazine.code.tex' version '6.4.1'
) (/usr/local/texlive/2025/texmf-dist/tex/latex/tcolorbox/tcbvignette.code.tex
Library (tcolorbox): 'tcbvignette.code.tex' version '6.4.1'

(/usr/local/texlive/2025/texmf-dist/tex/generic/pgf/frontendlayer/tikz/librarie
s/tikzlibraryfadings.code.tex
(/usr/local/texlive/2025/texmf-dist/tex/generic/pgf/libraries/pgflibraryfadings
.code.tex)))
(/usr/local/texlive/2025/texmf-dist/tex/latex/tcolorbox/tcbposter.code.tex
Library (tcolorbox): 'tcbposter.code.tex' version '6.4.1'
)) (/usr/local/texlive/2025/texmf-dist/tex/latex/listings/lstlang1.sty)
(/usr/local/texlive/2025/texmf-dist/tex/latex/listings/lstlang1.sty))
(./settings.tex
(/usr/local/texlive/2025/texmf-dist/tex/latex/titlesec/titlesec.sty)
(/usr/local/texlive/2025/texmf-dist/tex/latex/caption/caption.sty
(/usr/local/texlive/2025/texmf-dist/tex/latex/caption/caption3.sty)
(/usr/local/texlive/2025/texmf-dist/tex/latex/caption/ltcaption.sty)))
(./metadata.tex) (/usr/local/texlive/2025/texmf-dist/tex/latex/lm/t1lmr.fd)
(./main.aux)
(/usr/local/texlive/2025/texmf-dist/tex/context/base/mkii/supp-pdf.mkii
[Loading MPS to PDF converter (version 2006.09.02).]
) (/usr/local/texlive/2025/texmf-dist/tex/latex/epstopdf-pkg/epstopdf-base.sty
(/usr/local/texlive/2025/texmf-dist/tex/latex/latexconfig/epstopdf-sys.cfg))
*geometry* driver: auto-detecting
*geometry* detected driver: pdftex
(/usr/local/texlive/2025/texmf-dist/tex/latex/biblatex/lbx/english.lbx)
No file main.bbl.
(./main.out) (./main.out)
(/usr/local/texlive/2025/texmf-dist/tex/latex/base/inputenc.sty)
(/usr/local/texlive/2025/texmf-dist/tex/latex/lm/ot1lmr.fd)
(/usr/local/texlive/2025/texmf-dist/tex/latex/lm/omllmm.fd)
(/usr/local/texlive/2025/texmf-dist/tex/latex/lm/omslmsy.fd)
(/usr/local/texlive/2025/texmf-dist/tex/latex/lm/omxlmex.fd)
(/usr/local/texlive/2025/texmf-dist/tex/latex/amsfonts/umsa.fd)
(/usr/local/texlive/2025/texmf-dist/tex/latex/amsfonts/umsb.fd)
[1{/usr/local/texlive/2025/texmf-var/fonts/map/pdftex/updmap/pdftex.map}{/usr/l
ocal/texlive/2025/texmf-dist/fonts/enc/dvips/lm/lm-ec.enc}]

pdfTeX warning (ext4): destination with the same identifier (name{page.1}) has 
been already used, duplicate ignored
<to be read again> 
                   \relax 
l.21 \end{abstract}
                    [1]
Overfull \hbox (4.12323pt too wide) in paragraph at lines 24--25
[]\T1/lmr/bx/n/12 Keywords: \T1/lmr/m/n/12 color palette gen-er-a-tion, OK-Lab,
 per-cep-tual uni-for-mity, Bézier curves,

Overfull \hbox (2.81429pt too wide) in paragraph at lines 28--29
\T1/lmr/bx/n/12 Note on Spelling: \T1/lmr/m/n/12 This spec-i-fi-ca-tion uses Am
er-i-can En-glish spelling con-ven-tions (``color''

[2] (./main.toc (/usr/local/texlive/2025/texmf-dist/tex/latex/lm/ts1lmr.fd)
[3{/usr/local/texlive/2025/texmf-dist/fonts/enc/dvips/lm/lm-ts1.enc}]
[4{/usr/local/texlive/2025/texmf-dist/fonts/enc/dvips/lm/lm-rm.enc}]
[5]
[6]
[7])
[8]
Chapter 1.
(./sections/01_introduction.tex
[9]

LaTeX Warning: Citation 'ottosson2020' on page 10 undefined on input line 64.


[10{/usr/local/texlive/2025/texmf-dist/fonts/enc/dvips/lm/lm-mathit.enc}]
Overfull \hbox (1.13408pt too wide) in paragraph at lines 86--87
\T1/lmr/m/n/12 Palette gen-er-a-tion ap-proaches fall into three broad paradigm
s, each with dis-tinct strengths

LaTeX Warning: Citation 'itten1961' on page 11 undefined on input line 89.


LaTeX Warning: Citation 'stone2014' on page 11 undefined on input line 92.


LaTeX Warning: Citation 'programmingdesignsystems2017' on page 11 undefined on 
input line 92.


LaTeX Warning: Citation 'liu2013palette' on page 11 undefined on input line 95.



Overfull \hbox (31.25949pt too wide) in paragraph at lines 95--96
\T1/lmr/m/it/12 proaches \T1/lmr/m/n/12 that learn palette pat-terns from im-ag
es or ex-ist-ing de-signs. Liu et al. ([])

[11]

LaTeX Warning: Citation 'cie1976' on page 12 undefined on input line 99.


LaTeX Warning: Citation 'mahy1994' on page 12 undefined on input line 99.


LaTeX Warning: Citation 'luo2001' on page 12 undefined on input line 99.


LaTeX Warning: Citation 'ottosson2020' on page 12 undefined on input line 101.


LaTeX Warning: Citation 'safdar2017' on page 12 undefined on input line 101.


LaTeX Warning: Citation 'levien2021oklab' on page 12 undefined on input line 10
1.


LaTeX Warning: Citation 'csscolor4' on page 12 undefined on input line 101.


Overfull \hbox (35.88081pt too wide) in paragraph at lines 101--102
\T1/lmr/m/n/12 per-cep-tual uni-for-mity claims for gra-di-ent and color ma-nip
-u-la-tion ap-pli-ca-tions [].

LaTeX Warning: Citation 'farin2002' on page 12 undefined on input line 108.


LaTeX Warning: Citation 'piegl1997' on page 12 undefined on input line 109.


LaTeX Warning: Citation 'kamermans2023' on page 12 undefined on input line 109.



Overfull \hbox (15.52242pt too wide) in paragraph at lines 111--112
[]\T1/lmr/bx/n/12 Single-anchor mood ex-pan-sion\T1/lmr/m/n/12 ---to our knowl-
edge, a novel approach---using lightness-

LaTeX Warning: Citation 'morovic2008' on page 12 undefined on input line 112.


LaTeX Warning: Citation 'colorjs2025' on page 12 undefined on input line 112.


Overfull \hbox (8.119pt too wide) in paragraph at lines 112--113
\T1/lmr/m/n/12 gamut col-ors while pre-serv-ing hue, aligned with CSS Color Lev
el 4 prac-tices [] 

[12])
[13]
Chapter 2.
(./sections/02_perceptual_foundations.tex

LaTeX Warning: Citation 'hong2024' on page 14 undefined on input line 24.


LaTeX Warning: Citation 'hong2024' on page 14 undefined on input line 26.


LaTeX Warning: Citation 'hong2024' on page 14 undefined on input line 26.


LaTeX Warning: Citation 'hong2024' on page 14 undefined on input line 28.


[14]

LaTeX Warning: Citation 'hong2024' on page 15 undefined on input line 42.


LaTeX Warning: Citation 'roberti2023' on page 15 undefined on input line 47.


LaTeX Warning: Citation 'roberti2023' on page 15 undefined on input line 47.


Overfull \hbox (5.97566pt too wide) in paragraph at lines 47--48
\T1/lmr/m/n/12 ex-ten-sion of Helmholtz's line el-e-ment ([]).[][][][][] Robert
i and Pe-ruzzi ([])

[15{/usr/local/texlive/2025/texmf-dist/fonts/enc/dvips/lm/lm-mathsy.enc}]

LaTeX Warning: Citation 'hong2024' on page 16 undefined on input line 56.


LaTeX Warning: Citation 'hong2024' on page 16 undefined on input line 69.


LaTeX Warning: Citation 'bujack2022' on page 16 undefined on input line 78.


LaTeX Warning: Citation 'ottosson2020' on page 16 undefined on input line 80.


LaTeX Warning: Citation 'safdar2017' on page 16 undefined on input line 80.


LaTeX Warning: Citation 'hong2024' on page 16 undefined on input line 80.


[16]

LaTeX Warning: Citation 'nolle2012' on page 17 undefined on input line 92.


LaTeX Warning: Citation 'judd1940' on page 17 undefined on input line 92.


LaTeX Warning: Citation 'nolle2012' on page 17 undefined on input line 92.


LaTeX Warning: Citation 'nolle2012' on page 17 undefined on input line 94.


LaTeX Warning: Citation 'nolle2012' on page 17 undefined on input line 101.


LaTeX Warning: Citation 'nolle2012' on page 17 undefined on input line 101.


LaTeX Warning: Citation 'nolle2012' on page 17 undefined on input line 108.


[17{/usr/local/texlive/2025/texmf-dist/fonts/enc/dvips/lm/lm-mathex.enc}]

LaTeX Warning: Citation 'nolle2012' on page 18 undefined on input line 114.


LaTeX Warning: Citation 'roberti2023' on page 18 undefined on input line 114.


LaTeX Warning: Citation 'kong2021' on page 18 undefined on input line 118.


LaTeX Warning: Citation 'kong2021' on page 18 undefined on input line 121.


LaTeX Warning: Citation 'kong2021' on page 18 undefined on input line 121.


[18]
Overfull \hbox (4.87674pt too wide) in paragraph at lines 153--154
[]\T1/lmr/bx/n/12 Computational ef-fi-ciency: \T1/lmr/m/n/12 Trans-for-ma-tions
 must be fast enough for real-time palette

[19]

LaTeX Warning: Citation 'ottosson2020' on page 20 undefined on input line 158.


LaTeX Warning: Citation 'csscolor4' on page 20 undefined on input line 158.


LaTeX Warning: Citation 'levien2021oklab' on page 20 undefined on input line 15
8.


LaTeX Warning: Citation 'ottosson2020' on page 20 undefined on input line 191.


[20]

LaTeX Warning: Citation 'ottosson2020' on page 21 undefined on input line 213.

(/usr/local/texlive/2025/texmf-dist/tex/latex/lm/t1lmtt.fd)

LaTeX Warning: Citation 'csscolor4' on page 21 undefined on input line 233.


LaTeX Warning: Citation 'fairchild2013' on page 21 undefined on input line 237.



LaTeX Warning: Citation 'ottosson2020' on page 21 undefined on input line 237.


[21]
[22]

./sections/02_perceptual_foundations.tex:280: LaTeX Error: There's no line here
 to end.

See the LaTeX manual or LaTeX Companion for explanation.
Type  H <return>  for immediate help.
 ...                                              
                                                  
l.280 \\s
         ubsection{Implications for Journey Construction}

LaTeX Warning: Reference `fig:interp-comparison' on page 23 undefined on input 
line 285.


LaTeX Warning: Citation 'braun2017' on page 23 undefined on input line 317.


[23]
[24 <./figures/interpolation-comparison.pdf>]

LaTeX Warning: Citation 'braun2017' on page 25 undefined on input line 320.


LaTeX Warning: Citation 'braun2017' on page 25 undefined on input line 320.


LaTeX Warning: Citation 'braun2017' on page 25 undefined on input line 324.


LaTeX Warning: Citation 'sekulovski2007' on page 25 undefined on input line 331
.


[25]

LaTeX Warning: Citation 'sekulovski2007' on page 26 undefined on input line 343
.


LaTeX Warning: Citation 'sekulovski2007' on page 26 undefined on input line 347
.


LaTeX Warning: Citation 'sekulovski2007' on page 26 undefined on input line 347
.


LaTeX Warning: Citation 'kong2021' on page 26 undefined on input line 349.


LaTeX Warning: Citation 'kong2021' on page 26 undefined on input line 352.


LaTeX Warning: Citation 'sekulovski2007' on page 26 undefined on input line 357
.


LaTeX Warning: Citation 'sekulovski2007' on page 26 undefined on input line 361
.


LaTeX Warning: Citation 'sekulovski2007' on page 26 undefined on input line 364
.


Overfull \hbox (44.83212pt too wide) in paragraph at lines 364--365
\T1/lmr/m/n/12 thresh-olds to changes in chro-matic-ity and de-pen-dence on lig
ht-ness'' ([]). 

[26]

LaTeX Warning: Citation 'sekulovski2007' on page 27 undefined on input line 379
.


LaTeX Warning: Citation 'sekulovski2007' on page 27 undefined on input line 379
.


LaTeX Warning: Citation 'sekulovski2007' on page 27 undefined on input line 385
.


LaTeX Warning: Citation 'judd1940' on page 27 undefined on input line 392.


LaTeX Warning: Citation 'nolle2012' on page 27 undefined on input line 392.


LaTeX Warning: Citation 'sekulovski2007' on page 27 undefined on input line 394
.


LaTeX Warning: Citation 'wang2022' on page 27 undefined on input line 394.


[27]
[28 <./figures/temporal-weights.pdf>]
[29]
Overfull \hbox (3.01115pt too wide) in paragraph at lines 427--428
[]\T1/lmr/m/n/12 Position-dependent met-ric ten-sors in-form gamut map-ping str
ate-
)
[30]
Chapter 3.
(./sections/03_journey_construction.tex
[31]

LaTeX Warning: Citation 'cowan2001' on page 32 undefined on input line 50.


LaTeX Warning: Citation 'farin2002' on page 32 undefined on input line 50.


Overfull \hbox (0.25555pt too wide) in paragraph at lines 62--63
\T1/lmr/m/n/12 har-mony sys-tems (com-ple-men-tary, tri-adic, anal-o-gous) gen-
er-ate geometrically-related hues

LaTeX Warning: Command \textdegree invalid in math mode on input line 78.


LaTeX Warning: Command \textdegree invalid in math mode on input line 78.


Underfull \vbox (badness 10000) has occurred while \output is active
[32]
Underfull \vbox (badness 2591) has occurred while \output is active
[33]

LaTeX Warning: Citation 'farin2002' on page 34 undefined on input line 125.


[34]

LaTeX Warning: Citation 'piegl1997' on page 35 undefined on input line 170.


LaTeX Warning: Citation 'kamermans2023' on page 35 undefined on input line 170.



LaTeX Warning: Citation 'levien2018arclength' on page 35 undefined on input lin
e 176.


Overfull \hbox (70.79594pt too wide) in paragraph at lines 176--177
\T1/lmr/m/n/12 The en-gine es-ti-mates to-tal arc length and sam-ples at equal 
arc-length in-ter-vals ([]): 

[35]
Overfull \hbox (1.33101pt too wide) in paragraph at lines 184--185
[]\T1/lmr/m/n/12 Arc-length pa-ram-e-ter-i-sa-tion en-sures that out-put swatch
es are per-cep-tu-ally equidis-

LaTeX Warning: Citation 'kamermans2023' on page 36 undefined on input line 188.


)
[36]
Chapter 4.
(./sections/04_perceptual_constraints.tex

LaTeX Warning: Citation 'fairchild2013' on page 37 undefined on input line 15.


LaTeX Warning: Citation 'ottosson2020' on page 37 undefined on input line 19.


LaTeX Warning: Citation 'fairchild2013' on page 37 undefined on input line 23.


LaTeX Warning: Citation 'luo2001' on page 37 undefined on input line 23.


LaTeX Warning: Citation 'csscolor4' on page 37 undefined on input line 25.


Underfull \vbox (badness 6188) has occurred while \output is active
[37]

LaTeX Warning: Citation 'fairchild2013' on page 38 undefined on input line 41.


Package hyperref Warning: Token not allowed in a PDF string (Unicode):
(hyperref)                removing `math shift' on input line 46.


Package hyperref Warning: Token not allowed in a PDF string (Unicode):
(hyperref)                removing `\Delta' on input line 46.


Package hyperref Warning: Token not allowed in a PDF string (Unicode):
(hyperref)                removing `subscript' on input line 46.


Package hyperref Warning: Token not allowed in a PDF string (Unicode):
(hyperref)                removing `\min' on input line 46.


Package hyperref Warning: Token not allowed in a PDF string (Unicode):
(hyperref)                removing `math shift' on input line 46.


LaTeX Warning: Citation 'fairchild2013' on page 38 undefined on input line 55.


Package hyperref Warning: Token not allowed in a PDF string (Unicode):
(hyperref)                removing `math shift' on input line 70.


Package hyperref Warning: Token not allowed in a PDF string (Unicode):
(hyperref)                removing `\Delta' on input line 70.


Package hyperref Warning: Token not allowed in a PDF string (Unicode):
(hyperref)                removing `subscript' on input line 70.


Package hyperref Warning: Token not allowed in a PDF string (Unicode):
(hyperref)                removing `\max' on input line 70.


Package hyperref Warning: Token not allowed in a PDF string (Unicode):
(hyperref)                removing `math shift' on input line 70.


[38]
Overfull \hbox (17.12167pt too wide) in paragraph at lines 79--80
[]\T1/lmr/bx/n/12 Why 5.0? \T1/lmr/m/n/12 This value rep-re-sents the up-per bo
und of ``com-fort-able'' color transitions---

[39])
[40]
Chapter 5.
(./sections/05_style_controls.tex

LaTeX Warning: Citation 'hunt2004' on page 41 undefined on input line 15.


[41]
[42]

LaTeX Warning: Citation 'poynton2012' on page 43 undefined on input line 131.


[43])
Overfull \hbox (21.6993pt too wide) in paragraph at lines 169--57
[]\T1/lmr/m/n/12 With all pa-ram-e-ters at de-fault val-ues, the en-gine pro-du
ces sim-ple lin-ear interpolation---

[44]
Chapter 6.
(./sections/06_modes_of_operation.tex

LaTeX Warning: Citation 'fairchild2013' on page 45 undefined on input line 47.


Overfull \hbox (30.02779pt too wide) in paragraph at lines 47--48
\T1/lmr/m/n/12 able for dis-crete data cat-e-gories, leg-ends, and accessibilit
y-critical ap-pli-ca-tions ([]).

[45]

LaTeX Warning: Citation 'fairchild2013' on page 46 undefined on input line 92.


[46]
Underfull \hbox (badness 1527) in paragraph at lines 146--146
[]|\T1/lmr/m/n/12 Output for dis-crete cat-e-

Underfull \hbox (badness 2393) in paragraph at lines 149--149
[]|\T1/lmr/m/n/12 Need mood palette from

[47])
[48]
Chapter 7.
(./sections/07_loop_strategies.tex

LaTeX Warning: Citation 'farin2002' on page 49 undefined on input line 38.


[49]
[50]

LaTeX Warning: Command \textdegree invalid in math mode on input line 107.


LaTeX Warning: Command \textdegree invalid in math mode on input line 107.


[51])
[52]
Chapter 8.
(./sections/08_gamut_management.tex

LaTeX Warning: Citation 'morovic2008' on page 53 undefined on input line 20.


Underfull \vbox (badness 1845) has occurred while \output is active
[53]

LaTeX Warning: Citation 'csscolor4' on page 54 undefined on input line 64.


LaTeX Warning: Citation 'colorjs2025' on page 54 undefined on input line 64.


LaTeX Warning: Citation 'csscolor4' on page 54 undefined on input line 74.


LaTeX Warning: Citation 'morovic2008' on page 54 undefined on input line 79.


[54]

LaTeX Warning: Citation 'morovic2008' on page 55 undefined on input line 98.


LaTeX Warning: Citation 'morovic2008' on page 55 undefined on input line 106.


LaTeX Warning: Citation 'fairchild2013' on page 55 undefined on input line 106.



LaTeX Warning: Citation 'hunt2004' on page 55 undefined on input line 108.


Underfull \vbox (badness 1728) has occurred while \output is active
[55])
[56]
Chapter 9.
(./sections/09_variation_determinism.tex
[57]

LaTeX Warning: Citation 'knuth1997' on page 58 undefined on input line 76.


LaTeX Warning: Citation 'blackman2018' on page 58 undefined on input line 82.


Overfull \hbox (10.26237pt too wide) in paragraph at lines 82--83
[]\T1/lmr/bx/n/12 Specified al-go-rithm \T1/lmr/m/n/12 --- Im-ple-men-ta-tion u
ses doc-u-mented al-go-rithm (e.g., xoshiro256**

[58])
[59]
Chapter 10.
(./sections/10_api_design.tex

LaTeX Warning: Citation 'bloch2008' on page 60 undefined on input line 15.


LaTeX Warning: Citation 'gamma1994' on page 60 undefined on input line 29.


Underfull \vbox (badness 10000) has occurred while \output is active
[60]
[61]
[62])
[63]
Chapter 11.
(./sections/11_caller_responsibilities.tex
[64]

LaTeX Warning: Citation 'poynton2012' on page 65 undefined on input line 53.


[65])
[66]
Chapter 12.
(./sections/12_conclusion.tex

LaTeX Warning: Citation 'ottosson2020' on page 67 undefined on input line 17.


LaTeX Warning: Citation 'farin2002' on page 67 undefined on input line 17.


[67]

LaTeX Warning: Citation 'fairchild2013' on page 68 undefined on input line 34.


LaTeX Warning: Citation 'morovic2008' on page 68 undefined on input line 36.


Overfull \hbox (18.67929pt too wide) in paragraph at lines 46--47
[]\T1/lmr/m/n/12 The per-cep-tual weights for ve-loc-ity cal-cu-la-tion (Ÿ[][]6
.3[][]) are de-sign heuris-tics, not empirically-

LaTeX Warning: Citation 'ottosson2020' on page 68 undefined on input line 47.


[68]

LaTeX Warning: Citation 'moosbauer2025' on page 69 undefined on input line 65.


Overfull \hbox (18.32649pt too wide) in paragraph at lines 65--66
[] []\T1/lmr/bx/n/12 Sym-me-try--Con-strained Op-ti-mi-sa-tion.[] \T1/lmr/m/n/1
2 The cur-rent en-gine con-structs jour-neys through

Overfull \hbox (7.93959pt too wide) in paragraph at lines 65--66
\T1/lmr/m/n/12 Re-cent work on symmetry-constrained search in com-bi-na-to-rial
 do-mains ([])
)
[69]

LaTeX Warning: Empty bibliography on input line 83.

Appendix A.
(./appendices/A_presets.tex
Underfull \hbox (badness 3439) in paragraph at lines 42--42
[]|\T1/lmr/m/n/12 Simple in-ter-po-

Underfull \hbox (badness 10000) in paragraph at lines 44--44
[]|\T1/lmr/m/n/12 High-impact

Underfull \hbox (badness 10000) in paragraph at lines 49--49
[]|\T1/lmr/m/n/12 Cool aquatic

Overfull \hbox (5.32907pt too wide) in paragraph at lines 59--59
[]|\T1/lmtt/m/n/12 categorical| 

Underfull \hbox (badness 10000) in paragraph at lines 59--59
[]|\T1/lmr/m/n/12 Distinct cat-e-

Underfull \hbox (badness 7064) in paragraph at lines 63--63
[]|\T1/lmr/m/n/12 Pulsing an-i-ma-

[70]
Underfull \vbox (badness 10000) has occurred while \output is active
[71]
Overfull \hbox (5.95863pt too wide) in paragraph at lines 80--81
\T1/lmr/m/n/12 chors. The path swings through higher-chroma re-gions, pro-duc-i
ng bold, attention-grabbing

[72]
[73]
Underfull \hbox (badness 10000) in paragraph at lines 135--135
[]|\T1/lmr/m/n/12 High-energy, attention-
)
[74]
Appendix B.
(./appendices/B_notation.tex
Overfull \hbox (16.51318pt too wide) in paragraph at lines 15--25
 [] 

Underfull \vbox (badness 3525) has occurred while \output is active
[75]
Overfull \hbox (39.49638pt too wide) in paragraph at lines 61--71
 [] 

Overfull \hbox (1.85588pt too wide) in paragraph at lines 76--85
 [] 

Underfull \vbox (badness 10000) has occurred while \output is active
[76]
Underfull \vbox (badness 1014) has occurred while \output is active
[77]
[78]
[79])
[80]
Appendix C.
(./appendices/C_examples.tex
[81]
[82]
[83]
[84]
[85]
[86]
[87]
[88])
[89]
Appendix D.
(./appendices/D_quick_reference.tex
Overfull \hbox (26.24466pt too wide) in paragraph at lines 9--37
 [][] 

LaTeX Warning: `h' float specifier changed to `ht'.


LaTeX Warning: `h' float specifier changed to `ht'.


LaTeX Warning: `h' float specifier changed to `ht'.


Underfull \hbox (badness 10000) in paragraph at lines 110--110
[]|\T1/lmr/m/n/12 Smooth gra-di-ent back-

LaTeX Warning: `h' float specifier changed to `ht'.


Underfull \vbox (badness 3503) has occurred while \output is active
[90]

LaTeX Warning: `h' float specifier changed to `ht'.


Underfull \hbox (badness 10000) in paragraph at lines 153--154
[]|\T1/lmr/m/n/12 Temperature bias rout-ing

Underfull \hbox (badness 3514) in paragraph at lines 153--154
\T1/lmr/m/n/12 through dif-fer-ent hues; check

Underfull \hbox (badness 7168) in paragraph at lines 156--156
[]|\T1/lmr/m/n/12 Animation has vis-i-ble

Underfull \hbox (badness 5302) in paragraph at lines 156--157
[]|\T1/lmr/m/n/12 Using \T1/lmtt/m/n/12 open \T1/lmr/m/n/12 loop; switch to

Underfull \hbox (badness 5847) in paragraph at lines 158--158
[]|\T1/lmr/m/n/12 Palette doesn't match

LaTeX Warning: `h' float specifier changed to `ht'.


LaTeX Warning: `h' float specifier changed to `ht'.

)
[91]
[92]
[93]
Appendix E.
(./appendices/E_oklab_code.tex
Overfull \hbox (28.64732pt too wide) in paragraph at lines 21--21
[]    \T1/lmtt/m/n/12 float l = 0.4122214708f * c.r + 0.5363325363f * c.g + 0.0
514459929f * c.b;[] 

Overfull \hbox (28.6053pt too wide) in paragraph at lines 22--22
[]    \T1/lmtt/m/n/12 float m = 0.2119034982f * c.r + 0.6806995451f * c.g + 0.1
073969566f * c.b;[] 

Overfull \hbox (28.64032pt too wide) in paragraph at lines 23--23
[]    \T1/lmtt/m/n/12 float s = 0.0883024619f * c.r + 0.2817188376f * c.g + 0.6
299787005f * c.b;[] 

[94])
[95] (./main.aux)

LaTeX Warning: There were undefined references.


LaTeX Warning: Label(s) may have changed. Rerun to get cross-references right.


Package rerunfilecheck Warning: File `main.out' has changed.
(rerunfilecheck)                Rerun to get outlines right
(rerunfilecheck)                or use package `bookmark'.


Package biblatex Warning: Please (re)run Biber on the file:
(biblatex)                main
(biblatex)                and rerun LaTeX afterwards.

 )
(see the transcript file for additional information)
pdfTeX warning (dest): name{Hfootnote.11} has been referenced but does not exis
t, replaced by a fixed one


pdfTeX warning (dest): name{chapter*.4} has been referenced but does not exist,
 replaced by a fixed one


pdfTeX warning (dest): name{subsection.2.4.7} has been referenced but does not 
exist, replaced by a fixed one

</usr/local/texlive/2025/texmf-dist/fonts/type1/public/amsfonts/cm/cmmi10.pfb><
/usr/local/texlive/2025/texmf-dist/fonts/type1/public/amsfonts/cm/cmmi7.pfb></u
sr/local/texlive/2025/texmf-dist/fonts/type1/public/amsfonts/cm/cmmi9.pfb></usr
/local/texlive/2025/texmf-dist/fonts/type1/public/amsfonts/cm/cmr10.pfb></usr/l
ocal/texlive/2025/texmf-dist/fonts/type1/public/amsfonts/cm/cmr9.pfb></usr/loca
l/texlive/2025/texmf-dist/fonts/type1/public/lm/lmbx10.pfb></usr/local/texlive/
2025/texmf-dist/fonts/type1/public/lm/lmbx12.pfb></usr/local/texlive/2025/texmf
-dist/fonts/type1/public/lm/lmex10.pfb></usr/local/texlive/2025/texmf-dist/font
s/type1/public/lm/lmmi10.pfb></usr/local/texlive/2025/texmf-dist/fonts/type1/pu
blic/lm/lmmi12.pfb></usr/local/texlive/2025/texmf-dist/fonts/type1/public/lm/lm
mi8.pfb></usr/local/texlive/2025/texmf-dist/fonts/type1/public/lm/lmr10.pfb></u
sr/local/texlive/2025/texmf-dist/fonts/type1/public/lm/lmr12.pfb></usr/local/te
xlive/2025/texmf-dist/fonts/type1/public/lm/lmr17.pfb></usr/local/texlive/2025/
texmf-dist/fonts/type1/public/lm/lmr7.pfb></usr/local/texlive/2025/texmf-dist/f
onts/type1/public/lm/lmr8.pfb></usr/local/texlive/2025/texmf-dist/fonts/type1/p
ublic/lm/lmri10.pfb></usr/local/texlive/2025/texmf-dist/fonts/type1/public/lm/l
mri12.pfb></usr/local/texlive/2025/texmf-dist/fonts/type1/public/lm/lmsy10.pfb>
</usr/local/texlive/2025/texmf-dist/fonts/type1/public/lm/lmsy8.pfb></usr/local
/texlive/2025/texmf-dist/fonts/type1/public/lm/lmtk10.pfb></usr/local/texlive/2
025/texmf-dist/fonts/type1/public/lm/lmtt10.pfb></usr/local/texlive/2025/texmf-
dist/fonts/type1/public/lm/lmtt12.pfb></usr/local/texlive/2025/texmf-dist/fonts
/type1/public/amsfonts/symbols/msbm10.pfb>
Output written on ./main.pdf (96 pages, 699513 bytes).
Transcript written on ./main.log.
INFO - This is Biber 2.20
INFO - Logfile is 'main.blg'
INFO - Reading 'main.bcf'
INFO - Found 35 citekeys in bib section 0
INFO - Processing section 0
INFO - Looking for bibtex file 'references/references.bib' for section 0
INFO - LaTeX decoding ...
INFO - Found BibTeX data source 'references/references.bib'
INFO - Overriding locale 'en-US' defaults 'variable = shifted' with 'variable = non-ignorable'
INFO - Overriding locale 'en-US' defaults 'normalization = NFD' with 'normalization = prenormalized'
INFO - Sorting list 'nyt/global//global/global/global' of type 'entry' with template 'nyt' and locale 'en-US'
INFO - No sort tailoring available for locale 'en-US'
INFO - Writing 'main.bbl' with encoding 'UTF-8'
INFO - Output to main.bbl
This is pdfTeX, Version 3.141592653-2.6-1.40.27 (TeX Live 2025) (preloaded format=pdflatex)
 restricted \write18 enabled.
entering extended mode
(./main.tex
LaTeX2e <2024-11-01> patch level 2
L3 programming layer <2025-01-18>
(./preamble.tex (/usr/local/texlive/2025/texmf-dist/tex/latex/base/report.cls
Document Class: report 2024/06/29 v1.4n Standard LaTeX document class
(/usr/local/texlive/2025/texmf-dist/tex/latex/base/size12.clo))
(/usr/local/texlive/2025/texmf-dist/tex/latex/base/fontenc.sty)
(/usr/local/texlive/2025/texmf-dist/tex/latex/lm/lmodern.sty)
(/usr/local/texlive/2025/texmf-dist/tex/generic/babel/babel.sty
(/usr/local/texlive/2025/texmf-dist/tex/generic/babel/txtbabel.def)
(/usr/local/texlive/2025/texmf-dist/tex/generic/babel-english/english.ldf))
(/usr/local/texlive/2025/texmf-dist/tex/generic/babel/locale/en/babel-english.t
ex) (/usr/local/texlive/2025/texmf-dist/tex/latex/amsmath/amsmath.sty
For additional information on amsmath, use the `?' option.
(/usr/local/texlive/2025/texmf-dist/tex/latex/amsmath/amstext.sty
(/usr/local/texlive/2025/texmf-dist/tex/latex/amsmath/amsgen.sty))
(/usr/local/texlive/2025/texmf-dist/tex/latex/amsmath/amsbsy.sty)
(/usr/local/texlive/2025/texmf-dist/tex/latex/amsmath/amsopn.sty))
(/usr/local/texlive/2025/texmf-dist/tex/latex/amsfonts/amssymb.sty
(/usr/local/texlive/2025/texmf-dist/tex/latex/amsfonts/amsfonts.sty))
(/usr/local/texlive/2025/texmf-dist/tex/latex/amscls/amsthm.sty)
(/usr/local/texlive/2025/texmf-dist/tex/latex/mathtools/mathtools.sty
(/usr/local/texlive/2025/texmf-dist/tex/latex/graphics/keyval.sty)
(/usr/local/texlive/2025/texmf-dist/tex/latex/tools/calc.sty)
(/usr/local/texlive/2025/texmf-dist/tex/latex/mathtools/mhsetup.sty))
(/usr/local/texlive/2025/texmf-dist/tex/latex/physics/physics.sty
(/usr/local/texlive/2025/texmf-dist/tex/latex/l3packages/xparse/xparse.sty
(/usr/local/texlive/2025/texmf-dist/tex/latex/l3kernel/expl3.sty
(/usr/local/texlive/2025/texmf-dist/tex/latex/l3backend/l3backend-pdftex.def)))
) (/usr/local/texlive/2025/texmf-dist/tex/latex/graphics/graphicx.sty
(/usr/local/texlive/2025/texmf-dist/tex/latex/graphics/graphics.sty
(/usr/local/texlive/2025/texmf-dist/tex/latex/graphics/trig.sty)
(/usr/local/texlive/2025/texmf-dist/tex/latex/graphics-cfg/graphics.cfg)
(/usr/local/texlive/2025/texmf-dist/tex/latex/graphics-def/pdftex.def)))
(/usr/local/texlive/2025/texmf-dist/tex/latex/xcolor/xcolor.sty
(/usr/local/texlive/2025/texmf-dist/tex/latex/graphics-cfg/color.cfg)
(/usr/local/texlive/2025/texmf-dist/tex/latex/graphics/mathcolor.ltx))
(/usr/local/texlive/2025/texmf-dist/tex/latex/pgf/frontendlayer/tikz.sty
(/usr/local/texlive/2025/texmf-dist/tex/latex/pgf/basiclayer/pgf.sty
(/usr/local/texlive/2025/texmf-dist/tex/latex/pgf/utilities/pgfrcs.sty
(/usr/local/texlive/2025/texmf-dist/tex/generic/pgf/utilities/pgfutil-common.te
x)
(/usr/local/texlive/2025/texmf-dist/tex/generic/pgf/utilities/pgfutil-latex.def
) (/usr/local/texlive/2025/texmf-dist/tex/generic/pgf/utilities/pgfrcs.code.tex
(/usr/local/texlive/2025/texmf-dist/tex/generic/pgf/pgf.revision.tex)))
(/usr/local/texlive/2025/texmf-dist/tex/latex/pgf/basiclayer/pgfcore.sty
(/usr/local/texlive/2025/texmf-dist/tex/latex/pgf/systemlayer/pgfsys.sty
(/usr/local/texlive/2025/texmf-dist/tex/generic/pgf/systemlayer/pgfsys.code.tex
(/usr/local/texlive/2025/texmf-dist/tex/generic/pgf/utilities/pgfkeys.code.tex
(/usr/local/texlive/2025/texmf-dist/tex/generic/pgf/utilities/pgfkeyslibraryfil
tered.code.tex))
(/usr/local/texlive/2025/texmf-dist/tex/generic/pgf/systemlayer/pgf.cfg)
(/usr/local/texlive/2025/texmf-dist/tex/generic/pgf/systemlayer/pgfsys-pdftex.d
ef
(/usr/local/texlive/2025/texmf-dist/tex/generic/pgf/systemlayer/pgfsys-common-p
df.def)))
(/usr/local/texlive/2025/texmf-dist/tex/generic/pgf/systemlayer/pgfsyssoftpath.
code.tex)
(/usr/local/texlive/2025/texmf-dist/tex/generic/pgf/systemlayer/pgfsysprotocol.
code.tex))
(/usr/local/texlive/2025/texmf-dist/tex/generic/pgf/basiclayer/pgfcore.code.tex
(/usr/local/texlive/2025/texmf-dist/tex/generic/pgf/math/pgfmath.code.tex
(/usr/local/texlive/2025/texmf-dist/tex/generic/pgf/math/pgfmathutil.code.tex)
(/usr/local/texlive/2025/texmf-dist/tex/generic/pgf/math/pgfmathparser.code.tex
)
(/usr/local/texlive/2025/texmf-dist/tex/generic/pgf/math/pgfmathfunctions.code.
tex)
(/usr/local/texlive/2025/texmf-dist/tex/generic/pgf/math/pgfmathfunctions.basic
.code.tex)
(/usr/local/texlive/2025/texmf-dist/tex/generic/pgf/math/pgfmathfunctions.trigo
nometric.code.tex)
(/usr/local/texlive/2025/texmf-dist/tex/generic/pgf/math/pgfmathfunctions.rando
m.code.tex)
(/usr/local/texlive/2025/texmf-dist/tex/generic/pgf/math/pgfmathfunctions.compa
rison.code.tex)
(/usr/local/texlive/2025/texmf-dist/tex/generic/pgf/math/pgfmathfunctions.base.
code.tex)
(/usr/local/texlive/2025/texmf-dist/tex/generic/pgf/math/pgfmathfunctions.round
.code.tex)
(/usr/local/texlive/2025/texmf-dist/tex/generic/pgf/math/pgfmathfunctions.misc.
code.tex)
(/usr/local/texlive/2025/texmf-dist/tex/generic/pgf/math/pgfmathfunctions.integ
erarithmetics.code.tex)
(/usr/local/texlive/2025/texmf-dist/tex/generic/pgf/math/pgfmathcalc.code.tex)
(/usr/local/texlive/2025/texmf-dist/tex/generic/pgf/math/pgfmathfloat.code.tex)
) (/usr/local/texlive/2025/texmf-dist/tex/generic/pgf/math/pgfint.code.tex)
(/usr/local/texlive/2025/texmf-dist/tex/generic/pgf/basiclayer/pgfcorepoints.co
de.tex)
(/usr/local/texlive/2025/texmf-dist/tex/generic/pgf/basiclayer/pgfcorepathconst
ruct.code.tex)
(/usr/local/texlive/2025/texmf-dist/tex/generic/pgf/basiclayer/pgfcorepathusage
.code.tex)
(/usr/local/texlive/2025/texmf-dist/tex/generic/pgf/basiclayer/pgfcorescopes.co
de.tex)
(/usr/local/texlive/2025/texmf-dist/tex/generic/pgf/basiclayer/pgfcoregraphicst
ate.code.tex)
(/usr/local/texlive/2025/texmf-dist/tex/generic/pgf/basiclayer/pgfcoretransform
ations.code.tex)
(/usr/local/texlive/2025/texmf-dist/tex/generic/pgf/basiclayer/pgfcorequick.cod
e.tex)
(/usr/local/texlive/2025/texmf-dist/tex/generic/pgf/basiclayer/pgfcoreobjects.c
ode.tex)
(/usr/local/texlive/2025/texmf-dist/tex/generic/pgf/basiclayer/pgfcorepathproce
ssing.code.tex)
(/usr/local/texlive/2025/texmf-dist/tex/generic/pgf/basiclayer/pgfcorearrows.co
de.tex)
(/usr/local/texlive/2025/texmf-dist/tex/generic/pgf/basiclayer/pgfcoreshade.cod
e.tex)
(/usr/local/texlive/2025/texmf-dist/tex/generic/pgf/basiclayer/pgfcoreimage.cod
e.tex)
(/usr/local/texlive/2025/texmf-dist/tex/generic/pgf/basiclayer/pgfcoreexternal.
code.tex)
(/usr/local/texlive/2025/texmf-dist/tex/generic/pgf/basiclayer/pgfcorelayers.co
de.tex)
(/usr/local/texlive/2025/texmf-dist/tex/generic/pgf/basiclayer/pgfcoretranspare
ncy.code.tex)
(/usr/local/texlive/2025/texmf-dist/tex/generic/pgf/basiclayer/pgfcorepatterns.
code.tex)
(/usr/local/texlive/2025/texmf-dist/tex/generic/pgf/basiclayer/pgfcorerdf.code.
tex)))
(/usr/local/texlive/2025/texmf-dist/tex/generic/pgf/modules/pgfmoduleshapes.cod
e.tex)
(/usr/local/texlive/2025/texmf-dist/tex/generic/pgf/modules/pgfmoduleplot.code.
tex)
(/usr/local/texlive/2025/texmf-dist/tex/latex/pgf/compatibility/pgfcomp-version
-0-65.sty)
(/usr/local/texlive/2025/texmf-dist/tex/latex/pgf/compatibility/pgfcomp-version
-1-18.sty))
(/usr/local/texlive/2025/texmf-dist/tex/latex/pgf/utilities/pgffor.sty
(/usr/local/texlive/2025/texmf-dist/tex/latex/pgf/utilities/pgfkeys.sty
(/usr/local/texlive/2025/texmf-dist/tex/generic/pgf/utilities/pgfkeys.code.tex)
) (/usr/local/texlive/2025/texmf-dist/tex/latex/pgf/math/pgfmath.sty
(/usr/local/texlive/2025/texmf-dist/tex/generic/pgf/math/pgfmath.code.tex))
(/usr/local/texlive/2025/texmf-dist/tex/generic/pgf/utilities/pgffor.code.tex))

(/usr/local/texlive/2025/texmf-dist/tex/generic/pgf/frontendlayer/tikz/tikz.cod
e.tex
(/usr/local/texlive/2025/texmf-dist/tex/generic/pgf/libraries/pgflibraryplothan
dlers.code.tex)
(/usr/local/texlive/2025/texmf-dist/tex/generic/pgf/modules/pgfmodulematrix.cod
e.tex)
(/usr/local/texlive/2025/texmf-dist/tex/generic/pgf/frontendlayer/tikz/librarie
s/tikzlibrarytopaths.code.tex)))
(/usr/local/texlive/2025/texmf-dist/tex/generic/pgf/frontendlayer/tikz/librarie
s/tikzlibraryshapes.code.tex
(/usr/local/texlive/2025/texmf-dist/tex/generic/pgf/frontendlayer/tikz/librarie
s/tikzlibraryshapes.geometric.code.tex
(/usr/local/texlive/2025/texmf-dist/tex/generic/pgf/libraries/shapes/pgflibrary
shapes.geometric.code.tex))
(/usr/local/texlive/2025/texmf-dist/tex/generic/pgf/frontendlayer/tikz/librarie
s/tikzlibraryshapes.misc.code.tex
(/usr/local/texlive/2025/texmf-dist/tex/generic/pgf/libraries/shapes/pgflibrary
shapes.misc.code.tex))
(/usr/local/texlive/2025/texmf-dist/tex/generic/pgf/frontendlayer/tikz/librarie
s/tikzlibraryshapes.symbols.code.tex
(/usr/local/texlive/2025/texmf-dist/tex/generic/pgf/libraries/shapes/pgflibrary
shapes.symbols.code.tex))
(/usr/local/texlive/2025/texmf-dist/tex/generic/pgf/frontendlayer/tikz/librarie
s/tikzlibraryshapes.arrows.code.tex
(/usr/local/texlive/2025/texmf-dist/tex/generic/pgf/libraries/shapes/pgflibrary
shapes.arrows.code.tex))
(/usr/local/texlive/2025/texmf-dist/tex/generic/pgf/frontendlayer/tikz/librarie
s/tikzlibraryshapes.callouts.code.tex
(/usr/local/texlive/2025/texmf-dist/tex/generic/pgf/libraries/shapes/pgflibrary
shapes.callouts.code.tex))
(/usr/local/texlive/2025/texmf-dist/tex/generic/pgf/frontendlayer/tikz/librarie
s/tikzlibraryshapes.multipart.code.tex
(/usr/local/texlive/2025/texmf-dist/tex/generic/pgf/libraries/shapes/pgflibrary
shapes.multipart.code.tex)))
(/usr/local/texlive/2025/texmf-dist/tex/generic/pgf/frontendlayer/tikz/librarie
s/tikzlibraryarrows.code.tex
(/usr/local/texlive/2025/texmf-dist/tex/generic/pgf/libraries/pgflibraryarrows.
code.tex))
(/usr/local/texlive/2025/texmf-dist/tex/generic/pgf/frontendlayer/tikz/librarie
s/tikzlibrarypositioning.code.tex)
(/usr/local/texlive/2025/texmf-dist/tex/latex/geometry/geometry.sty
(/usr/local/texlive/2025/texmf-dist/tex/generic/iftex/ifvtex.sty
(/usr/local/texlive/2025/texmf-dist/tex/generic/iftex/iftex.sty)))
(/usr/local/texlive/2025/texmf-dist/tex/latex/setspace/setspace.sty)
(/usr/local/texlive/2025/texmf-dist/tex/latex/csquotes/csquotes.sty
(/usr/local/texlive/2025/texmf-dist/tex/latex/etoolbox/etoolbox.sty)
(/usr/local/texlive/2025/texmf-dist/tex/latex/csquotes/csquotes.def)
(/usr/local/texlive/2025/texmf-dist/tex/latex/csquotes/csquotes.cfg))
(/usr/local/texlive/2025/texmf-dist/tex/latex/biblatex/biblatex.sty
(/usr/local/texlive/2025/texmf-dist/tex/generic/pdftexcmds/pdftexcmds.sty
(/usr/local/texlive/2025/texmf-dist/tex/generic/infwarerr/infwarerr.sty)
(/usr/local/texlive/2025/texmf-dist/tex/generic/ltxcmds/ltxcmds.sty))
(/usr/local/texlive/2025/texmf-dist/tex/latex/kvoptions/kvoptions.sty
(/usr/local/texlive/2025/texmf-dist/tex/latex/kvsetkeys/kvsetkeys.sty))
(/usr/local/texlive/2025/texmf-dist/tex/latex/logreq/logreq.sty
(/usr/local/texlive/2025/texmf-dist/tex/latex/logreq/logreq.def))
(/usr/local/texlive/2025/texmf-dist/tex/latex/base/ifthen.sty)
(/usr/local/texlive/2025/texmf-dist/tex/latex/url/url.sty)
(/usr/local/texlive/2025/texmf-dist/tex/latex/biblatex/blx-dm.def)
(/usr/local/texlive/2025/texmf-dist/tex/latex/biblatex/blx-compat.def)
(/usr/local/texlive/2025/texmf-dist/tex/latex/biblatex/biblatex.def)
(/usr/local/texlive/2025/texmf-dist/tex/latex/biblatex/blx-natbib.def)
(/usr/local/texlive/2025/texmf-dist/tex/latex/biblatex/bbx/authoryear.bbx
(/usr/local/texlive/2025/texmf-dist/tex/latex/biblatex/bbx/standard.bbx))
(/usr/local/texlive/2025/texmf-dist/tex/latex/biblatex/cbx/authoryear.cbx)
(/usr/local/texlive/2025/texmf-dist/tex/latex/biblatex/biblatex.cfg)
(/usr/local/texlive/2025/texmf-dist/tex/latex/biblatex/blx-case-expl3.sty))
(/usr/local/texlive/2025/texmf-dist/tex/latex/xurl/xurl.sty
xurl: Set penalties for biblatex
) (/usr/local/texlive/2025/texmf-dist/tex/latex/hyperref/hyperref.sty
(/usr/local/texlive/2025/texmf-dist/tex/generic/kvdefinekeys/kvdefinekeys.sty)
(/usr/local/texlive/2025/texmf-dist/tex/generic/pdfescape/pdfescape.sty)
(/usr/local/texlive/2025/texmf-dist/tex/latex/hycolor/hycolor.sty)
(/usr/local/texlive/2025/texmf-dist/tex/latex/hyperref/nameref.sty
(/usr/local/texlive/2025/texmf-dist/tex/latex/refcount/refcount.sty)
(/usr/local/texlive/2025/texmf-dist/tex/generic/gettitlestring/gettitlestring.s
ty)) (/usr/local/texlive/2025/texmf-dist/tex/generic/stringenc/stringenc.sty)
(/usr/local/texlive/2025/texmf-dist/tex/latex/hyperref/pd1enc.def)
(/usr/local/texlive/2025/texmf-dist/tex/generic/intcalc/intcalc.sty)
(/usr/local/texlive/2025/texmf-dist/tex/latex/hyperref/puenc.def)
(/usr/local/texlive/2025/texmf-dist/tex/generic/bitset/bitset.sty
(/usr/local/texlive/2025/texmf-dist/tex/generic/bigintcalc/bigintcalc.sty))
(/usr/local/texlive/2025/texmf-dist/tex/latex/base/atbegshi-ltx.sty))
(/usr/local/texlive/2025/texmf-dist/tex/latex/hyperref/hpdftex.def
(/usr/local/texlive/2025/texmf-dist/tex/latex/base/atveryend-ltx.sty)
(/usr/local/texlive/2025/texmf-dist/tex/latex/rerunfilecheck/rerunfilecheck.sty

(/usr/local/texlive/2025/texmf-dist/tex/generic/uniquecounter/uniquecounter.sty
))) (/usr/local/texlive/2025/texmf-dist/tex/latex/cleveref/cleveref.sty)
(/usr/local/texlive/2025/texmf-dist/tex/latex/fancyhdr/fancyhdr.sty)
(/usr/local/texlive/2025/texmf-dist/tex/latex/booktabs/booktabs.sty)
(/usr/local/texlive/2025/texmf-dist/tex/latex/tools/array.sty)
(/usr/local/texlive/2025/texmf-dist/tex/latex/tools/longtable.sty)
(/usr/local/texlive/2025/texmf-dist/tex/latex/enumitem/enumitem.sty)
(/usr/local/texlive/2025/texmf-dist/tex/latex/tcolorbox/tcolorbox.sty
(/usr/local/texlive/2025/texmf-dist/tex/latex/tools/verbatim.sty)
(/usr/local/texlive/2025/texmf-dist/tex/latex/environ/environ.sty
(/usr/local/texlive/2025/texmf-dist/tex/latex/trimspaces/trimspaces.sty))
(/usr/local/texlive/2025/texmf-dist/tex/latex/tcolorbox/tcbraster.code.tex
Library (tcolorbox): 'tcbraster.code.tex' version '6.4.1'
) (/usr/local/texlive/2025/texmf-dist/tex/latex/tcolorbox/tcbskins.code.tex
Library (tcolorbox): 'tcbskins.code.tex' version '6.4.1'
(/usr/local/texlive/2025/texmf-dist/tex/latex/tikzfill/tikzfill.image.sty
(/usr/local/texlive/2025/texmf-dist/tex/latex/tikzfill/tikzfill-common.sty)
(/usr/local/texlive/2025/texmf-dist/tex/latex/tikzfill/tikzlibraryfill.image.co
de.tex))
(/usr/local/texlive/2025/texmf-dist/tex/latex/tcolorbox/tcbskinsjigsaw.code.tex
Library (tcolorbox): 'tcbskinsjigsaw.code.tex' version '6.4.1'
))
(/usr/local/texlive/2025/texmf-dist/tex/latex/tcolorbox/tcbbreakable.code.tex
Library (tcolorbox): 'tcbbreakable.code.tex' version '6.4.1'
(/usr/local/texlive/2025/texmf-dist/tex/latex/pdfcol/pdfcol.sty))
(/usr/local/texlive/2025/texmf-dist/tex/latex/tcolorbox/tcbhooks.code.tex
Library (tcolorbox): 'tcbhooks.code.tex' version '6.4.1'
) (/usr/local/texlive/2025/texmf-dist/tex/latex/tcolorbox/tcbtheorems.code.tex
Library (tcolorbox): 'tcbtheorems.code.tex' version '6.4.1'
) (/usr/local/texlive/2025/texmf-dist/tex/latex/tcolorbox/tcbfitting.code.tex
Library (tcolorbox): 'tcbfitting.code.tex' version '6.4.1'
)
(/usr/local/texlive/2025/texmf-dist/tex/latex/tcolorbox/tcblistingsutf8.code.te
x
Library (tcolorbox): 'tcblistingsutf8.code.tex' version '6.4.1'
(/usr/local/texlive/2025/texmf-dist/tex/latex/tcolorbox/tcblistings.code.tex
Library (tcolorbox): 'tcblistings.code.tex' version '6.4.1'
(/usr/local/texlive/2025/texmf-dist/tex/latex/listings/listings.sty
(/usr/local/texlive/2025/texmf-dist/tex/latex/listings/lstpatch.sty)
(/usr/local/texlive/2025/texmf-dist/tex/latex/listings/lstmisc.sty)
(/usr/local/texlive/2025/texmf-dist/tex/latex/listings/listings.cfg))
(/usr/local/texlive/2025/texmf-dist/tex/latex/tcolorbox/tcblistingscore.code.te
x
Library (tcolorbox): 'tcblistingscore.code.tex' version '6.4.1'
(/usr/local/texlive/2025/texmf-dist/tex/latex/tcolorbox/tcbprocessing.code.tex
Library (tcolorbox): 'tcbprocessing.code.tex' version '6.4.1'
))) (/usr/local/texlive/2025/texmf-dist/tex/latex/listingsutf8/listingsutf8.sty
)) (/usr/local/texlive/2025/texmf-dist/tex/latex/tcolorbox/tcbexternal.code.tex
Library (tcolorbox): 'tcbexternal.code.tex' version '6.4.1'
) (/usr/local/texlive/2025/texmf-dist/tex/latex/tcolorbox/tcbmagazine.code.tex
Library (tcolorbox): 'tcbmagazine.code.tex' version '6.4.1'
) (/usr/local/texlive/2025/texmf-dist/tex/latex/tcolorbox/tcbvignette.code.tex
Library (tcolorbox): 'tcbvignette.code.tex' version '6.4.1'

(/usr/local/texlive/2025/texmf-dist/tex/generic/pgf/frontendlayer/tikz/librarie
s/tikzlibraryfadings.code.tex
(/usr/local/texlive/2025/texmf-dist/tex/generic/pgf/libraries/pgflibraryfadings
.code.tex)))
(/usr/local/texlive/2025/texmf-dist/tex/latex/tcolorbox/tcbposter.code.tex
Library (tcolorbox): 'tcbposter.code.tex' version '6.4.1'
)) (/usr/local/texlive/2025/texmf-dist/tex/latex/listings/lstlang1.sty)
(/usr/local/texlive/2025/texmf-dist/tex/latex/listings/lstlang1.sty))
(./settings.tex
(/usr/local/texlive/2025/texmf-dist/tex/latex/titlesec/titlesec.sty)
(/usr/local/texlive/2025/texmf-dist/tex/latex/caption/caption.sty
(/usr/local/texlive/2025/texmf-dist/tex/latex/caption/caption3.sty)
(/usr/local/texlive/2025/texmf-dist/tex/latex/caption/ltcaption.sty)))
(./metadata.tex) (/usr/local/texlive/2025/texmf-dist/tex/latex/lm/t1lmr.fd)
(./main.aux)
(/usr/local/texlive/2025/texmf-dist/tex/context/base/mkii/supp-pdf.mkii
[Loading MPS to PDF converter (version 2006.09.02).]
) (/usr/local/texlive/2025/texmf-dist/tex/latex/epstopdf-pkg/epstopdf-base.sty
(/usr/local/texlive/2025/texmf-dist/tex/latex/latexconfig/epstopdf-sys.cfg))
*geometry* driver: auto-detecting
*geometry* detected driver: pdftex
(/usr/local/texlive/2025/texmf-dist/tex/latex/biblatex/lbx/english.lbx)
(./main.bbl) (./main.out) (./main.out)
(/usr/local/texlive/2025/texmf-dist/tex/latex/base/inputenc.sty)
(/usr/local/texlive/2025/texmf-dist/tex/latex/lm/ot1lmr.fd)
(/usr/local/texlive/2025/texmf-dist/tex/latex/lm/omllmm.fd)
(/usr/local/texlive/2025/texmf-dist/tex/latex/lm/omslmsy.fd)
(/usr/local/texlive/2025/texmf-dist/tex/latex/lm/omxlmex.fd)
(/usr/local/texlive/2025/texmf-dist/tex/latex/amsfonts/umsa.fd)
(/usr/local/texlive/2025/texmf-dist/tex/latex/amsfonts/umsb.fd)
[1{/usr/local/texlive/2025/texmf-var/fonts/map/pdftex/updmap/pdftex.map}{/usr/l
ocal/texlive/2025/texmf-dist/fonts/enc/dvips/lm/lm-ec.enc}]

pdfTeX warning (ext4): destination with the same identifier (name{page.1}) has 
been already used, duplicate ignored
<to be read again> 
                   \relax 
l.21 \end{abstract}
                    [1]
Overfull \hbox (4.12323pt too wide) in paragraph at lines 24--25
[]\T1/lmr/bx/n/12 Keywords: \T1/lmr/m/n/12 color palette gen-er-a-tion, OK-Lab,
 per-cep-tual uni-for-mity, Bézier curves,

Overfull \hbox (2.81429pt too wide) in paragraph at lines 28--29
\T1/lmr/bx/n/12 Note on Spelling: \T1/lmr/m/n/12 This spec-i-fi-ca-tion uses Am
er-i-can En-glish spelling con-ven-tions (``color''

[2] (./main.toc (/usr/local/texlive/2025/texmf-dist/tex/latex/lm/ts1lmr.fd)
[3{/usr/local/texlive/2025/texmf-dist/fonts/enc/dvips/lm/lm-ts1.enc}]
[4{/usr/local/texlive/2025/texmf-dist/fonts/enc/dvips/lm/lm-rm.enc}]
[5]
[6]
[7])
[8]
Chapter 1.
(./sections/01_introduction.tex
[9]
[10{/usr/local/texlive/2025/texmf-dist/fonts/enc/dvips/lm/lm-mathit.enc}]
Overfull \hbox (1.13408pt too wide) in paragraph at lines 86--87
\T1/lmr/m/n/12 Palette gen-er-a-tion ap-proaches fall into three broad paradigm
s, each with dis-tinct strengths

[11]
Overfull \hbox (15.52242pt too wide) in paragraph at lines 111--112
[]\T1/lmr/bx/n/12 Single-anchor mood ex-pan-sion\T1/lmr/m/n/12 ---to our knowl-
edge, a novel approach---using lightness-

[12])
[13]
Chapter 2.
(./sections/02_perceptual_foundations.tex
[14]
[15{/usr/local/texlive/2025/texmf-dist/fonts/enc/dvips/lm/lm-mathsy.enc}]
[16]
[17{/usr/local/texlive/2025/texmf-dist/fonts/enc/dvips/lm/lm-mathex.enc}]
[18]
Overfull \hbox (4.87674pt too wide) in paragraph at lines 153--154
[]\T1/lmr/bx/n/12 Computational ef-fi-ciency: \T1/lmr/m/n/12 Trans-for-ma-tions
 must be fast enough for real-time palette

[19]
[20] (/usr/local/texlive/2025/texmf-dist/tex/latex/lm/t1lmtt.fd)
[21]
[22]

./sections/02_perceptual_foundations.tex:280: LaTeX Error: There's no line here
 to end.

See the LaTeX manual or LaTeX Companion for explanation.
Type  H <return>  for immediate help.
 ...                                              
                                                  
l.280 \\s
         ubsection{Implications for Journey Construction}

[23]
[24 <./figures/interpolation-comparison.pdf>]
[25]
[26]
Overfull \hbox (4.03256pt too wide) in paragraph at lines 364--365
\T1/lmr/m/n/12 thresh-olds to changes in chro-matic-ity and de-pen-dence on lig
ht-ness'' ([]Sekulovski

[27]
[28 <./figures/temporal-weights.pdf>]
[29]
Overfull \hbox (3.01115pt too wide) in paragraph at lines 427--428
[]\T1/lmr/m/n/12 Position-dependent met-ric ten-sors in-form gamut map-ping str
ate-
)
[30]
Chapter 3.
(./sections/03_journey_construction.tex
[31]
Overfull \hbox (0.25555pt too wide) in paragraph at lines 62--63
\T1/lmr/m/n/12 har-mony sys-tems (com-ple-men-tary, tri-adic, anal-o-gous) gen-
er-ate geometrically-related hues

LaTeX Warning: Command \textdegree invalid in math mode on input line 78.


LaTeX Warning: Command \textdegree invalid in math mode on input line 78.


Underfull \vbox (badness 10000) has occurred while \output is active
[32]
Underfull \vbox (badness 2591) has occurred while \output is active
[33]
[34]
[35]
Overfull \hbox (1.33101pt too wide) in paragraph at lines 184--185
[]\T1/lmr/m/n/12 Arc-length pa-ram-e-ter-i-sa-tion en-sures that out-put swatch
es are per-cep-tu-ally equidis-
)
[36]
Chapter 4.
(./sections/04_perceptual_constraints.tex
Underfull \vbox (badness 2790) has occurred while \output is active
[37]

Package hyperref Warning: Token not allowed in a PDF string (Unicode):
(hyperref)                removing `math shift' on input line 46.


Package hyperref Warning: Token not allowed in a PDF string (Unicode):
(hyperref)                removing `\Delta' on input line 46.


Package hyperref Warning: Token not allowed in a PDF string (Unicode):
(hyperref)                removing `subscript' on input line 46.


Package hyperref Warning: Token not allowed in a PDF string (Unicode):
(hyperref)                removing `\min' on input line 46.


Package hyperref Warning: Token not allowed in a PDF string (Unicode):
(hyperref)                removing `math shift' on input line 46.


Package hyperref Warning: Token not allowed in a PDF string (Unicode):
(hyperref)                removing `math shift' on input line 70.


Package hyperref Warning: Token not allowed in a PDF string (Unicode):
(hyperref)                removing `\Delta' on input line 70.


Package hyperref Warning: Token not allowed in a PDF string (Unicode):
(hyperref)                removing `subscript' on input line 70.


Package hyperref Warning: Token not allowed in a PDF string (Unicode):
(hyperref)                removing `\max' on input line 70.


Package hyperref Warning: Token not allowed in a PDF string (Unicode):
(hyperref)                removing `math shift' on input line 70.


[38]
Overfull \hbox (17.12167pt too wide) in paragraph at lines 79--80
[]\T1/lmr/bx/n/12 Why 5.0? \T1/lmr/m/n/12 This value rep-re-sents the up-per bo
und of ``com-fort-able'' color transitions---

[39])
[40]
Chapter 5.
(./sections/05_style_controls.tex
[41]
[42]
[43])
Overfull \hbox (21.6993pt too wide) in paragraph at lines 169--57
[]\T1/lmr/m/n/12 With all pa-ram-e-ters at de-fault val-ues, the en-gine pro-du
ces sim-ple lin-ear interpolation---

[44]
Chapter 6.
(./sections/06_modes_of_operation.tex
[45]
[46]
Underfull \hbox (badness 1527) in paragraph at lines 146--146
[]|\T1/lmr/m/n/12 Output for dis-crete cat-e-

Underfull \hbox (badness 2393) in paragraph at lines 149--149
[]|\T1/lmr/m/n/12 Need mood palette from

[47])
[48]
Chapter 7.
(./sections/07_loop_strategies.tex
[49]
[50]

LaTeX Warning: Command \textdegree invalid in math mode on input line 107.


LaTeX Warning: Command \textdegree invalid in math mode on input line 107.


[51])
[52]
Chapter 8.
(./sections/08_gamut_management.tex
Underfull \vbox (badness 1845) has occurred while \output is active
[53]
[54]
Underfull \vbox (badness 1728) has occurred while \output is active
[55])
[56]
Chapter 9.
(./sections/09_variation_determinism.tex
[57]
Overfull \hbox (10.26237pt too wide) in paragraph at lines 82--83
[]\T1/lmr/bx/n/12 Specified al-go-rithm \T1/lmr/m/n/12 --- Im-ple-men-ta-tion u
ses doc-u-mented al-go-rithm (e.g., xoshiro256**

[58])
[59]
Chapter 10.
(./sections/10_api_design.tex
Underfull \vbox (badness 10000) has occurred while \output is active
[60]
[61]
[62])
[63]
Chapter 11.
(./sections/11_caller_responsibilities.tex
[64]
[65])
[66]
Chapter 12.
(./sections/12_conclusion.tex
[67]
Overfull \hbox (18.67929pt too wide) in paragraph at lines 46--47
[]\T1/lmr/m/n/12 The per-cep-tual weights for ve-loc-ity cal-cu-la-tion (Ÿ[][]6
.3[][]) are de-sign heuris-tics, not empirically-

[68]
Overfull \hbox (18.32649pt too wide) in paragraph at lines 65--66
[] []\T1/lmr/bx/n/12 Sym-me-try--Con-strained Op-ti-mi-sa-tion.[] \T1/lmr/m/n/1
2 The cur-rent en-gine con-structs jour-neys through
)
[69]
[70]
[71]
[72]
Appendix A.
(./appendices/A_presets.tex
Underfull \hbox (badness 3439) in paragraph at lines 42--42
[]|\T1/lmr/m/n/12 Simple in-ter-po-

Underfull \hbox (badness 10000) in paragraph at lines 44--44
[]|\T1/lmr/m/n/12 High-impact

Underfull \hbox (badness 10000) in paragraph at lines 49--49
[]|\T1/lmr/m/n/12 Cool aquatic

Overfull \hbox (5.32907pt too wide) in paragraph at lines 59--59
[]|\T1/lmtt/m/n/12 categorical| 

Underfull \hbox (badness 10000) in paragraph at lines 59--59
[]|\T1/lmr/m/n/12 Distinct cat-e-

Underfull \hbox (badness 7064) in paragraph at lines 63--63
[]|\T1/lmr/m/n/12 Pulsing an-i-ma-

[73]
Underfull \vbox (badness 10000) has occurred while \output is active
[74]
Overfull \hbox (5.95863pt too wide) in paragraph at lines 80--81
\T1/lmr/m/n/12 chors. The path swings through higher-chroma re-gions, pro-duc-i
ng bold, attention-grabbing

[75]
[76]
Underfull \hbox (badness 10000) in paragraph at lines 135--135
[]|\T1/lmr/m/n/12 High-energy, attention-
)
[77]
Appendix B.
(./appendices/B_notation.tex
Overfull \hbox (16.51318pt too wide) in paragraph at lines 15--25
 [] 

Underfull \vbox (badness 3525) has occurred while \output is active
[78]
Overfull \hbox (39.49638pt too wide) in paragraph at lines 61--71
 [] 

Overfull \hbox (1.85588pt too wide) in paragraph at lines 76--85
 [] 

Underfull \vbox (badness 10000) has occurred while \output is active
[79]
Underfull \vbox (badness 1014) has occurred while \output is active
[80]
[81]
[82])
[83]
Appendix C.
(./appendices/C_examples.tex
[84]
[85]
[86]
[87]
[88]
[89]
[90]
[91])
[92]
Appendix D.
(./appendices/D_quick_reference.tex
Overfull \hbox (26.24466pt too wide) in paragraph at lines 9--37
 [][] 

LaTeX Warning: `h' float specifier changed to `ht'.


LaTeX Warning: `h' float specifier changed to `ht'.


LaTeX Warning: `h' float specifier changed to `ht'.


Underfull \hbox (badness 10000) in paragraph at lines 110--110
[]|\T1/lmr/m/n/12 Smooth gra-di-ent back-

LaTeX Warning: `h' float specifier changed to `ht'.


Underfull \vbox (badness 3503) has occurred while \output is active
[93]

LaTeX Warning: `h' float specifier changed to `ht'.


Underfull \hbox (badness 10000) in paragraph at lines 153--154
[]|\T1/lmr/m/n/12 Temperature bias rout-ing

Underfull \hbox (badness 3514) in paragraph at lines 153--154
\T1/lmr/m/n/12 through dif-fer-ent hues; check

Underfull \hbox (badness 7168) in paragraph at lines 156--156
[]|\T1/lmr/m/n/12 Animation has vis-i-ble

Underfull \hbox (badness 5302) in paragraph at lines 156--157
[]|\T1/lmr/m/n/12 Using \T1/lmtt/m/n/12 open \T1/lmr/m/n/12 loop; switch to

Underfull \hbox (badness 5847) in paragraph at lines 158--158
[]|\T1/lmr/m/n/12 Palette doesn't match

LaTeX Warning: `h' float specifier changed to `ht'.


LaTeX Warning: `h' float specifier changed to `ht'.

)
[94]
[95]
[96]
Appendix E.
(./appendices/E_oklab_code.tex
Overfull \hbox (28.64732pt too wide) in paragraph at lines 21--21
[]    \T1/lmtt/m/n/12 float l = 0.4122214708f * c.r + 0.5363325363f * c.g + 0.0
514459929f * c.b;[] 

Overfull \hbox (28.6053pt too wide) in paragraph at lines 22--22
[]    \T1/lmtt/m/n/12 float m = 0.2119034982f * c.r + 0.6806995451f * c.g + 0.1
073969566f * c.b;[] 

Overfull \hbox (28.64032pt too wide) in paragraph at lines 23--23
[]    \T1/lmtt/m/n/12 float s = 0.0883024619f * c.r + 0.2817188376f * c.g + 0.6
299787005f * c.b;[] 

[97])
[98] (./main.aux)

LaTeX Warning: There were undefined references.


LaTeX Warning: Label(s) may have changed. Rerun to get cross-references right.


Package rerunfilecheck Warning: File `main.out' has changed.
(rerunfilecheck)                Rerun to get outlines right
(rerunfilecheck)                or use package `bookmark'.


Package biblatex Warning: Please rerun LaTeX.
(biblatex)                Page breaks have changed.

 )
(see the transcript file for additional information)
pdfTeX warning (dest): name{Hfootnote.11} has been referenced but does not exis
t, replaced by a fixed one

</usr/local/texlive/2025/texmf-dist/fonts/type1/public/amsfonts/cm/cmmi10.pfb><
/usr/local/texlive/2025/texmf-dist/fonts/type1/public/amsfonts/cm/cmmi7.pfb></u
sr/local/texlive/2025/texmf-dist/fonts/type1/public/amsfonts/cm/cmmi9.pfb></usr
/local/texlive/2025/texmf-dist/fonts/type1/public/amsfonts/cm/cmr10.pfb></usr/l
ocal/texlive/2025/texmf-dist/fonts/type1/public/amsfonts/cm/cmr9.pfb></usr/loca
l/texlive/2025/texmf-dist/fonts/type1/public/lm/lmbx10.pfb></usr/local/texlive/
2025/texmf-dist/fonts/type1/public/lm/lmbx12.pfb></usr/local/texlive/2025/texmf
-dist/fonts/type1/public/lm/lmcsc10.pfb></usr/local/texlive/2025/texmf-dist/fon
ts/type1/public/lm/lmex10.pfb></usr/local/texlive/2025/texmf-dist/fonts/type1/p
ublic/lm/lmmi10.pfb></usr/local/texlive/2025/texmf-dist/fonts/type1/public/lm/l
mmi12.pfb></usr/local/texlive/2025/texmf-dist/fonts/type1/public/lm/lmmi8.pfb><
/usr/local/texlive/2025/texmf-dist/fonts/type1/public/lm/lmr10.pfb></usr/local/
texlive/2025/texmf-dist/fonts/type1/public/lm/lmr12.pfb></usr/local/texlive/202
5/texmf-dist/fonts/type1/public/lm/lmr17.pfb></usr/local/texlive/2025/texmf-dis
t/fonts/type1/public/lm/lmr7.pfb></usr/local/texlive/2025/texmf-dist/fonts/type
1/public/lm/lmr8.pfb></usr/local/texlive/2025/texmf-dist/fonts/type1/public/lm/
lmri10.pfb></usr/local/texlive/2025/texmf-dist/fonts/type1/public/lm/lmri12.pfb
></usr/local/texlive/2025/texmf-dist/fonts/type1/public/lm/lmsy10.pfb></usr/loc
al/texlive/2025/texmf-dist/fonts/type1/public/lm/lmsy8.pfb></usr/local/texlive/
2025/texmf-dist/fonts/type1/public/lm/lmtk10.pfb></usr/local/texlive/2025/texmf
-dist/fonts/type1/public/lm/lmtt10.pfb></usr/local/texlive/2025/texmf-dist/font
s/type1/public/lm/lmtt12.pfb></usr/local/texlive/2025/texmf-dist/fonts/type1/pu
blic/amsfonts/symbols/msbm10.pfb>
Output written on ./main.pdf (99 pages, 741755 bytes).
Transcript written on ./main.log.
This is pdfTeX, Version 3.141592653-2.6-1.40.27 (TeX Live 2025) (preloaded format=pdflatex)
 restricted \write18 enabled.
entering extended mode
(./main.tex
LaTeX2e <2024-11-01> patch level 2
L3 programming layer <2025-01-18>
(./preamble.tex (/usr/local/texlive/2025/texmf-dist/tex/latex/base/report.cls
Document Class: report 2024/06/29 v1.4n Standard LaTeX document class
(/usr/local/texlive/2025/texmf-dist/tex/latex/base/size12.clo))
(/usr/local/texlive/2025/texmf-dist/tex/latex/base/fontenc.sty)
(/usr/local/texlive/2025/texmf-dist/tex/latex/lm/lmodern.sty)
(/usr/local/texlive/2025/texmf-dist/tex/generic/babel/babel.sty
(/usr/local/texlive/2025/texmf-dist/tex/generic/babel/txtbabel.def)
(/usr/local/texlive/2025/texmf-dist/tex/generic/babel-english/english.ldf))
(/usr/local/texlive/2025/texmf-dist/tex/generic/babel/locale/en/babel-english.t
ex) (/usr/local/texlive/2025/texmf-dist/tex/latex/amsmath/amsmath.sty
For additional information on amsmath, use the `?' option.
(/usr/local/texlive/2025/texmf-dist/tex/latex/amsmath/amstext.sty
(/usr/local/texlive/2025/texmf-dist/tex/latex/amsmath/amsgen.sty))
(/usr/local/texlive/2025/texmf-dist/tex/latex/amsmath/amsbsy.sty)
(/usr/local/texlive/2025/texmf-dist/tex/latex/amsmath/amsopn.sty))
(/usr/local/texlive/2025/texmf-dist/tex/latex/amsfonts/amssymb.sty
(/usr/local/texlive/2025/texmf-dist/tex/latex/amsfonts/amsfonts.sty))
(/usr/local/texlive/2025/texmf-dist/tex/latex/amscls/amsthm.sty)
(/usr/local/texlive/2025/texmf-dist/tex/latex/mathtools/mathtools.sty
(/usr/local/texlive/2025/texmf-dist/tex/latex/graphics/keyval.sty)
(/usr/local/texlive/2025/texmf-dist/tex/latex/tools/calc.sty)
(/usr/local/texlive/2025/texmf-dist/tex/latex/mathtools/mhsetup.sty))
(/usr/local/texlive/2025/texmf-dist/tex/latex/physics/physics.sty
(/usr/local/texlive/2025/texmf-dist/tex/latex/l3packages/xparse/xparse.sty
(/usr/local/texlive/2025/texmf-dist/tex/latex/l3kernel/expl3.sty
(/usr/local/texlive/2025/texmf-dist/tex/latex/l3backend/l3backend-pdftex.def)))
) (/usr/local/texlive/2025/texmf-dist/tex/latex/graphics/graphicx.sty
(/usr/local/texlive/2025/texmf-dist/tex/latex/graphics/graphics.sty
(/usr/local/texlive/2025/texmf-dist/tex/latex/graphics/trig.sty)
(/usr/local/texlive/2025/texmf-dist/tex/latex/graphics-cfg/graphics.cfg)
(/usr/local/texlive/2025/texmf-dist/tex/latex/graphics-def/pdftex.def)))
(/usr/local/texlive/2025/texmf-dist/tex/latex/xcolor/xcolor.sty
(/usr/local/texlive/2025/texmf-dist/tex/latex/graphics-cfg/color.cfg)
(/usr/local/texlive/2025/texmf-dist/tex/latex/graphics/mathcolor.ltx))
(/usr/local/texlive/2025/texmf-dist/tex/latex/pgf/frontendlayer/tikz.sty
(/usr/local/texlive/2025/texmf-dist/tex/latex/pgf/basiclayer/pgf.sty
(/usr/local/texlive/2025/texmf-dist/tex/latex/pgf/utilities/pgfrcs.sty
(/usr/local/texlive/2025/texmf-dist/tex/generic/pgf/utilities/pgfutil-common.te
x)
(/usr/local/texlive/2025/texmf-dist/tex/generic/pgf/utilities/pgfutil-latex.def
) (/usr/local/texlive/2025/texmf-dist/tex/generic/pgf/utilities/pgfrcs.code.tex
(/usr/local/texlive/2025/texmf-dist/tex/generic/pgf/pgf.revision.tex)))
(/usr/local/texlive/2025/texmf-dist/tex/latex/pgf/basiclayer/pgfcore.sty
(/usr/local/texlive/2025/texmf-dist/tex/latex/pgf/systemlayer/pgfsys.sty
(/usr/local/texlive/2025/texmf-dist/tex/generic/pgf/systemlayer/pgfsys.code.tex
(/usr/local/texlive/2025/texmf-dist/tex/generic/pgf/utilities/pgfkeys.code.tex
(/usr/local/texlive/2025/texmf-dist/tex/generic/pgf/utilities/pgfkeyslibraryfil
tered.code.tex))
(/usr/local/texlive/2025/texmf-dist/tex/generic/pgf/systemlayer/pgf.cfg)
(/usr/local/texlive/2025/texmf-dist/tex/generic/pgf/systemlayer/pgfsys-pdftex.d
ef
(/usr/local/texlive/2025/texmf-dist/tex/generic/pgf/systemlayer/pgfsys-common-p
df.def)))
(/usr/local/texlive/2025/texmf-dist/tex/generic/pgf/systemlayer/pgfsyssoftpath.
code.tex)
(/usr/local/texlive/2025/texmf-dist/tex/generic/pgf/systemlayer/pgfsysprotocol.
code.tex))
(/usr/local/texlive/2025/texmf-dist/tex/generic/pgf/basiclayer/pgfcore.code.tex
(/usr/local/texlive/2025/texmf-dist/tex/generic/pgf/math/pgfmath.code.tex
(/usr/local/texlive/2025/texmf-dist/tex/generic/pgf/math/pgfmathutil.code.tex)
(/usr/local/texlive/2025/texmf-dist/tex/generic/pgf/math/pgfmathparser.code.tex
)
(/usr/local/texlive/2025/texmf-dist/tex/generic/pgf/math/pgfmathfunctions.code.
tex)
(/usr/local/texlive/2025/texmf-dist/tex/generic/pgf/math/pgfmathfunctions.basic
.code.tex)
(/usr/local/texlive/2025/texmf-dist/tex/generic/pgf/math/pgfmathfunctions.trigo
nometric.code.tex)
(/usr/local/texlive/2025/texmf-dist/tex/generic/pgf/math/pgfmathfunctions.rando
m.code.tex)
(/usr/local/texlive/2025/texmf-dist/tex/generic/pgf/math/pgfmathfunctions.compa
rison.code.tex)
(/usr/local/texlive/2025/texmf-dist/tex/generic/pgf/math/pgfmathfunctions.base.
code.tex)
(/usr/local/texlive/2025/texmf-dist/tex/generic/pgf/math/pgfmathfunctions.round
.code.tex)
(/usr/local/texlive/2025/texmf-dist/tex/generic/pgf/math/pgfmathfunctions.misc.
code.tex)
(/usr/local/texlive/2025/texmf-dist/tex/generic/pgf/math/pgfmathfunctions.integ
erarithmetics.code.tex)
(/usr/local/texlive/2025/texmf-dist/tex/generic/pgf/math/pgfmathcalc.code.tex)
(/usr/local/texlive/2025/texmf-dist/tex/generic/pgf/math/pgfmathfloat.code.tex)
) (/usr/local/texlive/2025/texmf-dist/tex/generic/pgf/math/pgfint.code.tex)
(/usr/local/texlive/2025/texmf-dist/tex/generic/pgf/basiclayer/pgfcorepoints.co
de.tex)
(/usr/local/texlive/2025/texmf-dist/tex/generic/pgf/basiclayer/pgfcorepathconst
ruct.code.tex)
(/usr/local/texlive/2025/texmf-dist/tex/generic/pgf/basiclayer/pgfcorepathusage
.code.tex)
(/usr/local/texlive/2025/texmf-dist/tex/generic/pgf/basiclayer/pgfcorescopes.co
de.tex)
(/usr/local/texlive/2025/texmf-dist/tex/generic/pgf/basiclayer/pgfcoregraphicst
ate.code.tex)
(/usr/local/texlive/2025/texmf-dist/tex/generic/pgf/basiclayer/pgfcoretransform
ations.code.tex)
(/usr/local/texlive/2025/texmf-dist/tex/generic/pgf/basiclayer/pgfcorequick.cod
e.tex)
(/usr/local/texlive/2025/texmf-dist/tex/generic/pgf/basiclayer/pgfcoreobjects.c
ode.tex)
(/usr/local/texlive/2025/texmf-dist/tex/generic/pgf/basiclayer/pgfcorepathproce
ssing.code.tex)
(/usr/local/texlive/2025/texmf-dist/tex/generic/pgf/basiclayer/pgfcorearrows.co
de.tex)
(/usr/local/texlive/2025/texmf-dist/tex/generic/pgf/basiclayer/pgfcoreshade.cod
e.tex)
(/usr/local/texlive/2025/texmf-dist/tex/generic/pgf/basiclayer/pgfcoreimage.cod
e.tex)
(/usr/local/texlive/2025/texmf-dist/tex/generic/pgf/basiclayer/pgfcoreexternal.
code.tex)
(/usr/local/texlive/2025/texmf-dist/tex/generic/pgf/basiclayer/pgfcorelayers.co
de.tex)
(/usr/local/texlive/2025/texmf-dist/tex/generic/pgf/basiclayer/pgfcoretranspare
ncy.code.tex)
(/usr/local/texlive/2025/texmf-dist/tex/generic/pgf/basiclayer/pgfcorepatterns.
code.tex)
(/usr/local/texlive/2025/texmf-dist/tex/generic/pgf/basiclayer/pgfcorerdf.code.
tex)))
(/usr/local/texlive/2025/texmf-dist/tex/generic/pgf/modules/pgfmoduleshapes.cod
e.tex)
(/usr/local/texlive/2025/texmf-dist/tex/generic/pgf/modules/pgfmoduleplot.code.
tex)
(/usr/local/texlive/2025/texmf-dist/tex/latex/pgf/compatibility/pgfcomp-version
-0-65.sty)
(/usr/local/texlive/2025/texmf-dist/tex/latex/pgf/compatibility/pgfcomp-version
-1-18.sty))
(/usr/local/texlive/2025/texmf-dist/tex/latex/pgf/utilities/pgffor.sty
(/usr/local/texlive/2025/texmf-dist/tex/latex/pgf/utilities/pgfkeys.sty
(/usr/local/texlive/2025/texmf-dist/tex/generic/pgf/utilities/pgfkeys.code.tex)
) (/usr/local/texlive/2025/texmf-dist/tex/latex/pgf/math/pgfmath.sty
(/usr/local/texlive/2025/texmf-dist/tex/generic/pgf/math/pgfmath.code.tex))
(/usr/local/texlive/2025/texmf-dist/tex/generic/pgf/utilities/pgffor.code.tex))

(/usr/local/texlive/2025/texmf-dist/tex/generic/pgf/frontendlayer/tikz/tikz.cod
e.tex
(/usr/local/texlive/2025/texmf-dist/tex/generic/pgf/libraries/pgflibraryplothan
dlers.code.tex)
(/usr/local/texlive/2025/texmf-dist/tex/generic/pgf/modules/pgfmodulematrix.cod
e.tex)
(/usr/local/texlive/2025/texmf-dist/tex/generic/pgf/frontendlayer/tikz/librarie
s/tikzlibrarytopaths.code.tex)))
(/usr/local/texlive/2025/texmf-dist/tex/generic/pgf/frontendlayer/tikz/librarie
s/tikzlibraryshapes.code.tex
(/usr/local/texlive/2025/texmf-dist/tex/generic/pgf/frontendlayer/tikz/librarie
s/tikzlibraryshapes.geometric.code.tex
(/usr/local/texlive/2025/texmf-dist/tex/generic/pgf/libraries/shapes/pgflibrary
shapes.geometric.code.tex))
(/usr/local/texlive/2025/texmf-dist/tex/generic/pgf/frontendlayer/tikz/librarie
s/tikzlibraryshapes.misc.code.tex
(/usr/local/texlive/2025/texmf-dist/tex/generic/pgf/libraries/shapes/pgflibrary
shapes.misc.code.tex))
(/usr/local/texlive/2025/texmf-dist/tex/generic/pgf/frontendlayer/tikz/librarie
s/tikzlibraryshapes.symbols.code.tex
(/usr/local/texlive/2025/texmf-dist/tex/generic/pgf/libraries/shapes/pgflibrary
shapes.symbols.code.tex))
(/usr/local/texlive/2025/texmf-dist/tex/generic/pgf/frontendlayer/tikz/librarie
s/tikzlibraryshapes.arrows.code.tex
(/usr/local/texlive/2025/texmf-dist/tex/generic/pgf/libraries/shapes/pgflibrary
shapes.arrows.code.tex))
(/usr/local/texlive/2025/texmf-dist/tex/generic/pgf/frontendlayer/tikz/librarie
s/tikzlibraryshapes.callouts.code.tex
(/usr/local/texlive/2025/texmf-dist/tex/generic/pgf/libraries/shapes/pgflibrary
shapes.callouts.code.tex))
(/usr/local/texlive/2025/texmf-dist/tex/generic/pgf/frontendlayer/tikz/librarie
s/tikzlibraryshapes.multipart.code.tex
(/usr/local/texlive/2025/texmf-dist/tex/generic/pgf/libraries/shapes/pgflibrary
shapes.multipart.code.tex)))
(/usr/local/texlive/2025/texmf-dist/tex/generic/pgf/frontendlayer/tikz/librarie
s/tikzlibraryarrows.code.tex
(/usr/local/texlive/2025/texmf-dist/tex/generic/pgf/libraries/pgflibraryarrows.
code.tex))
(/usr/local/texlive/2025/texmf-dist/tex/generic/pgf/frontendlayer/tikz/librarie
s/tikzlibrarypositioning.code.tex)
(/usr/local/texlive/2025/texmf-dist/tex/latex/geometry/geometry.sty
(/usr/local/texlive/2025/texmf-dist/tex/generic/iftex/ifvtex.sty
(/usr/local/texlive/2025/texmf-dist/tex/generic/iftex/iftex.sty)))
(/usr/local/texlive/2025/texmf-dist/tex/latex/setspace/setspace.sty)
(/usr/local/texlive/2025/texmf-dist/tex/latex/csquotes/csquotes.sty
(/usr/local/texlive/2025/texmf-dist/tex/latex/etoolbox/etoolbox.sty)
(/usr/local/texlive/2025/texmf-dist/tex/latex/csquotes/csquotes.def)
(/usr/local/texlive/2025/texmf-dist/tex/latex/csquotes/csquotes.cfg))
(/usr/local/texlive/2025/texmf-dist/tex/latex/biblatex/biblatex.sty
(/usr/local/texlive/2025/texmf-dist/tex/generic/pdftexcmds/pdftexcmds.sty
(/usr/local/texlive/2025/texmf-dist/tex/generic/infwarerr/infwarerr.sty)
(/usr/local/texlive/2025/texmf-dist/tex/generic/ltxcmds/ltxcmds.sty))
(/usr/local/texlive/2025/texmf-dist/tex/latex/kvoptions/kvoptions.sty
(/usr/local/texlive/2025/texmf-dist/tex/latex/kvsetkeys/kvsetkeys.sty))
(/usr/local/texlive/2025/texmf-dist/tex/latex/logreq/logreq.sty
(/usr/local/texlive/2025/texmf-dist/tex/latex/logreq/logreq.def))
(/usr/local/texlive/2025/texmf-dist/tex/latex/base/ifthen.sty)
(/usr/local/texlive/2025/texmf-dist/tex/latex/url/url.sty)
(/usr/local/texlive/2025/texmf-dist/tex/latex/biblatex/blx-dm.def)
(/usr/local/texlive/2025/texmf-dist/tex/latex/biblatex/blx-compat.def)
(/usr/local/texlive/2025/texmf-dist/tex/latex/biblatex/biblatex.def)
(/usr/local/texlive/2025/texmf-dist/tex/latex/biblatex/blx-natbib.def)
(/usr/local/texlive/2025/texmf-dist/tex/latex/biblatex/bbx/authoryear.bbx
(/usr/local/texlive/2025/texmf-dist/tex/latex/biblatex/bbx/standard.bbx))
(/usr/local/texlive/2025/texmf-dist/tex/latex/biblatex/cbx/authoryear.cbx)
(/usr/local/texlive/2025/texmf-dist/tex/latex/biblatex/biblatex.cfg)
(/usr/local/texlive/2025/texmf-dist/tex/latex/biblatex/blx-case-expl3.sty))
(/usr/local/texlive/2025/texmf-dist/tex/latex/xurl/xurl.sty
xurl: Set penalties for biblatex
) (/usr/local/texlive/2025/texmf-dist/tex/latex/hyperref/hyperref.sty
(/usr/local/texlive/2025/texmf-dist/tex/generic/kvdefinekeys/kvdefinekeys.sty)
(/usr/local/texlive/2025/texmf-dist/tex/generic/pdfescape/pdfescape.sty)
(/usr/local/texlive/2025/texmf-dist/tex/latex/hycolor/hycolor.sty)
(/usr/local/texlive/2025/texmf-dist/tex/latex/hyperref/nameref.sty
(/usr/local/texlive/2025/texmf-dist/tex/latex/refcount/refcount.sty)
(/usr/local/texlive/2025/texmf-dist/tex/generic/gettitlestring/gettitlestring.s
ty)) (/usr/local/texlive/2025/texmf-dist/tex/generic/stringenc/stringenc.sty)
(/usr/local/texlive/2025/texmf-dist/tex/latex/hyperref/pd1enc.def)
(/usr/local/texlive/2025/texmf-dist/tex/generic/intcalc/intcalc.sty)
(/usr/local/texlive/2025/texmf-dist/tex/latex/hyperref/puenc.def)
(/usr/local/texlive/2025/texmf-dist/tex/generic/bitset/bitset.sty
(/usr/local/texlive/2025/texmf-dist/tex/generic/bigintcalc/bigintcalc.sty))
(/usr/local/texlive/2025/texmf-dist/tex/latex/base/atbegshi-ltx.sty))
(/usr/local/texlive/2025/texmf-dist/tex/latex/hyperref/hpdftex.def
(/usr/local/texlive/2025/texmf-dist/tex/latex/base/atveryend-ltx.sty)
(/usr/local/texlive/2025/texmf-dist/tex/latex/rerunfilecheck/rerunfilecheck.sty

(/usr/local/texlive/2025/texmf-dist/tex/generic/uniquecounter/uniquecounter.sty
))) (/usr/local/texlive/2025/texmf-dist/tex/latex/cleveref/cleveref.sty)
(/usr/local/texlive/2025/texmf-dist/tex/latex/fancyhdr/fancyhdr.sty)
(/usr/local/texlive/2025/texmf-dist/tex/latex/booktabs/booktabs.sty)
(/usr/local/texlive/2025/texmf-dist/tex/latex/tools/array.sty)
(/usr/local/texlive/2025/texmf-dist/tex/latex/tools/longtable.sty)
(/usr/local/texlive/2025/texmf-dist/tex/latex/enumitem/enumitem.sty)
(/usr/local/texlive/2025/texmf-dist/tex/latex/tcolorbox/tcolorbox.sty
(/usr/local/texlive/2025/texmf-dist/tex/latex/tools/verbatim.sty)
(/usr/local/texlive/2025/texmf-dist/tex/latex/environ/environ.sty
(/usr/local/texlive/2025/texmf-dist/tex/latex/trimspaces/trimspaces.sty))
(/usr/local/texlive/2025/texmf-dist/tex/latex/tcolorbox/tcbraster.code.tex
Library (tcolorbox): 'tcbraster.code.tex' version '6.4.1'
) (/usr/local/texlive/2025/texmf-dist/tex/latex/tcolorbox/tcbskins.code.tex
Library (tcolorbox): 'tcbskins.code.tex' version '6.4.1'
(/usr/local/texlive/2025/texmf-dist/tex/latex/tikzfill/tikzfill.image.sty
(/usr/local/texlive/2025/texmf-dist/tex/latex/tikzfill/tikzfill-common.sty)
(/usr/local/texlive/2025/texmf-dist/tex/latex/tikzfill/tikzlibraryfill.image.co
de.tex))
(/usr/local/texlive/2025/texmf-dist/tex/latex/tcolorbox/tcbskinsjigsaw.code.tex
Library (tcolorbox): 'tcbskinsjigsaw.code.tex' version '6.4.1'
))
(/usr/local/texlive/2025/texmf-dist/tex/latex/tcolorbox/tcbbreakable.code.tex
Library (tcolorbox): 'tcbbreakable.code.tex' version '6.4.1'
(/usr/local/texlive/2025/texmf-dist/tex/latex/pdfcol/pdfcol.sty))
(/usr/local/texlive/2025/texmf-dist/tex/latex/tcolorbox/tcbhooks.code.tex
Library (tcolorbox): 'tcbhooks.code.tex' version '6.4.1'
) (/usr/local/texlive/2025/texmf-dist/tex/latex/tcolorbox/tcbtheorems.code.tex
Library (tcolorbox): 'tcbtheorems.code.tex' version '6.4.1'
) (/usr/local/texlive/2025/texmf-dist/tex/latex/tcolorbox/tcbfitting.code.tex
Library (tcolorbox): 'tcbfitting.code.tex' version '6.4.1'
)
(/usr/local/texlive/2025/texmf-dist/tex/latex/tcolorbox/tcblistingsutf8.code.te
x
Library (tcolorbox): 'tcblistingsutf8.code.tex' version '6.4.1'
(/usr/local/texlive/2025/texmf-dist/tex/latex/tcolorbox/tcblistings.code.tex
Library (tcolorbox): 'tcblistings.code.tex' version '6.4.1'
(/usr/local/texlive/2025/texmf-dist/tex/latex/listings/listings.sty
(/usr/local/texlive/2025/texmf-dist/tex/latex/listings/lstpatch.sty)
(/usr/local/texlive/2025/texmf-dist/tex/latex/listings/lstmisc.sty)
(/usr/local/texlive/2025/texmf-dist/tex/latex/listings/listings.cfg))
(/usr/local/texlive/2025/texmf-dist/tex/latex/tcolorbox/tcblistingscore.code.te
x
Library (tcolorbox): 'tcblistingscore.code.tex' version '6.4.1'
(/usr/local/texlive/2025/texmf-dist/tex/latex/tcolorbox/tcbprocessing.code.tex
Library (tcolorbox): 'tcbprocessing.code.tex' version '6.4.1'
))) (/usr/local/texlive/2025/texmf-dist/tex/latex/listingsutf8/listingsutf8.sty
)) (/usr/local/texlive/2025/texmf-dist/tex/latex/tcolorbox/tcbexternal.code.tex
Library (tcolorbox): 'tcbexternal.code.tex' version '6.4.1'
) (/usr/local/texlive/2025/texmf-dist/tex/latex/tcolorbox/tcbmagazine.code.tex
Library (tcolorbox): 'tcbmagazine.code.tex' version '6.4.1'
) (/usr/local/texlive/2025/texmf-dist/tex/latex/tcolorbox/tcbvignette.code.tex
Library (tcolorbox): 'tcbvignette.code.tex' version '6.4.1'

(/usr/local/texlive/2025/texmf-dist/tex/generic/pgf/frontendlayer/tikz/librarie
s/tikzlibraryfadings.code.tex
(/usr/local/texlive/2025/texmf-dist/tex/generic/pgf/libraries/pgflibraryfadings
.code.tex)))
(/usr/local/texlive/2025/texmf-dist/tex/latex/tcolorbox/tcbposter.code.tex
Library (tcolorbox): 'tcbposter.code.tex' version '6.4.1'
)) (/usr/local/texlive/2025/texmf-dist/tex/latex/listings/lstlang1.sty)
(/usr/local/texlive/2025/texmf-dist/tex/latex/listings/lstlang1.sty))
(./settings.tex
(/usr/local/texlive/2025/texmf-dist/tex/latex/titlesec/titlesec.sty)
(/usr/local/texlive/2025/texmf-dist/tex/latex/caption/caption.sty
(/usr/local/texlive/2025/texmf-dist/tex/latex/caption/caption3.sty)
(/usr/local/texlive/2025/texmf-dist/tex/latex/caption/ltcaption.sty)))
(./metadata.tex) (/usr/local/texlive/2025/texmf-dist/tex/latex/lm/t1lmr.fd)
(./main.aux)
(/usr/local/texlive/2025/texmf-dist/tex/context/base/mkii/supp-pdf.mkii
[Loading MPS to PDF converter (version 2006.09.02).]
) (/usr/local/texlive/2025/texmf-dist/tex/latex/epstopdf-pkg/epstopdf-base.sty
(/usr/local/texlive/2025/texmf-dist/tex/latex/latexconfig/epstopdf-sys.cfg))
*geometry* driver: auto-detecting
*geometry* detected driver: pdftex
(/usr/local/texlive/2025/texmf-dist/tex/latex/biblatex/lbx/english.lbx)
(./main.bbl) (./main.out) (./main.out)
(/usr/local/texlive/2025/texmf-dist/tex/latex/base/inputenc.sty)
(/usr/local/texlive/2025/texmf-dist/tex/latex/lm/ot1lmr.fd)
(/usr/local/texlive/2025/texmf-dist/tex/latex/lm/omllmm.fd)
(/usr/local/texlive/2025/texmf-dist/tex/latex/lm/omslmsy.fd)
(/usr/local/texlive/2025/texmf-dist/tex/latex/lm/omxlmex.fd)
(/usr/local/texlive/2025/texmf-dist/tex/latex/amsfonts/umsa.fd)
(/usr/local/texlive/2025/texmf-dist/tex/latex/amsfonts/umsb.fd)
[1{/usr/local/texlive/2025/texmf-var/fonts/map/pdftex/updmap/pdftex.map}{/usr/l
ocal/texlive/2025/texmf-dist/fonts/enc/dvips/lm/lm-ec.enc}]

pdfTeX warning (ext4): destination with the same identifier (name{page.1}) has 
been already used, duplicate ignored
<to be read again> 
                   \relax 
l.21 \end{abstract}
                    [1]
Overfull \hbox (4.12323pt too wide) in paragraph at lines 24--25
[]\T1/lmr/bx/n/12 Keywords: \T1/lmr/m/n/12 color palette gen-er-a-tion, OK-Lab,
 per-cep-tual uni-for-mity, Bézier curves,

Overfull \hbox (2.81429pt too wide) in paragraph at lines 28--29
\T1/lmr/bx/n/12 Note on Spelling: \T1/lmr/m/n/12 This spec-i-fi-ca-tion uses Am
er-i-can En-glish spelling con-ven-tions (``color''

[2] (./main.toc (/usr/local/texlive/2025/texmf-dist/tex/latex/lm/ts1lmr.fd)
[3{/usr/local/texlive/2025/texmf-dist/fonts/enc/dvips/lm/lm-ts1.enc}]
[4{/usr/local/texlive/2025/texmf-dist/fonts/enc/dvips/lm/lm-rm.enc}]
[5]
[6]
[7])
[8]
Chapter 1.
(./sections/01_introduction.tex
[9]
[10{/usr/local/texlive/2025/texmf-dist/fonts/enc/dvips/lm/lm-mathit.enc}]
Overfull \hbox (1.13408pt too wide) in paragraph at lines 86--87
\T1/lmr/m/n/12 Palette gen-er-a-tion ap-proaches fall into three broad paradigm
s, each with dis-tinct strengths

[11]
Overfull \hbox (15.52242pt too wide) in paragraph at lines 111--112
[]\T1/lmr/bx/n/12 Single-anchor mood ex-pan-sion\T1/lmr/m/n/12 ---to our knowl-
edge, a novel approach---using lightness-

[12])
[13]
Chapter 2.
(./sections/02_perceptual_foundations.tex
[14]
[15{/usr/local/texlive/2025/texmf-dist/fonts/enc/dvips/lm/lm-mathsy.enc}]
[16]
[17{/usr/local/texlive/2025/texmf-dist/fonts/enc/dvips/lm/lm-mathex.enc}]
[18]
Overfull \hbox (4.87674pt too wide) in paragraph at lines 153--154
[]\T1/lmr/bx/n/12 Computational ef-fi-ciency: \T1/lmr/m/n/12 Trans-for-ma-tions
 must be fast enough for real-time palette

[19]
[20] (/usr/local/texlive/2025/texmf-dist/tex/latex/lm/t1lmtt.fd)
[21]
[22]

./sections/02_perceptual_foundations.tex:280: LaTeX Error: There's no line here
 to end.

See the LaTeX manual or LaTeX Companion for explanation.
Type  H <return>  for immediate help.
 ...                                              
                                                  
l.280 \\s
         ubsection{Implications for Journey Construction}

[23]
[24 <./figures/interpolation-comparison.pdf>]
[25]
[26]
Overfull \hbox (4.03256pt too wide) in paragraph at lines 364--365
\T1/lmr/m/n/12 thresh-olds to changes in chro-matic-ity and de-pen-dence on lig
ht-ness'' ([]Sekulovski

[27]
[28 <./figures/temporal-weights.pdf>]
[29]
Overfull \hbox (3.01115pt too wide) in paragraph at lines 427--428
[]\T1/lmr/m/n/12 Position-dependent met-ric ten-sors in-form gamut map-ping str
ate-
)
[30]
Chapter 3.
(./sections/03_journey_construction.tex
[31]
Overfull \hbox (0.25555pt too wide) in paragraph at lines 62--63
\T1/lmr/m/n/12 har-mony sys-tems (com-ple-men-tary, tri-adic, anal-o-gous) gen-
er-ate geometrically-related hues

LaTeX Warning: Command \textdegree invalid in math mode on input line 78.


LaTeX Warning: Command \textdegree invalid in math mode on input line 78.


Underfull \vbox (badness 10000) has occurred while \output is active
[32]
Underfull \vbox (badness 2591) has occurred while \output is active
[33]
[34]
[35]
Overfull \hbox (1.33101pt too wide) in paragraph at lines 184--185
[]\T1/lmr/m/n/12 Arc-length pa-ram-e-ter-i-sa-tion en-sures that out-put swatch
es are per-cep-tu-ally equidis-
)
[36]
Chapter 4.
(./sections/04_perceptual_constraints.tex
Underfull \vbox (badness 2790) has occurred while \output is active
[37]

Package hyperref Warning: Token not allowed in a PDF string (Unicode):
(hyperref)                removing `math shift' on input line 46.


Package hyperref Warning: Token not allowed in a PDF string (Unicode):
(hyperref)                removing `\Delta' on input line 46.


Package hyperref Warning: Token not allowed in a PDF string (Unicode):
(hyperref)                removing `subscript' on input line 46.


Package hyperref Warning: Token not allowed in a PDF string (Unicode):
(hyperref)                removing `\min' on input line 46.


Package hyperref Warning: Token not allowed in a PDF string (Unicode):
(hyperref)                removing `math shift' on input line 46.


Package hyperref Warning: Token not allowed in a PDF string (Unicode):
(hyperref)                removing `math shift' on input line 70.


Package hyperref Warning: Token not allowed in a PDF string (Unicode):
(hyperref)                removing `\Delta' on input line 70.


Package hyperref Warning: Token not allowed in a PDF string (Unicode):
(hyperref)                removing `subscript' on input line 70.


Package hyperref Warning: Token not allowed in a PDF string (Unicode):
(hyperref)                removing `\max' on input line 70.


Package hyperref Warning: Token not allowed in a PDF string (Unicode):
(hyperref)                removing `math shift' on input line 70.


[38]
Overfull \hbox (17.12167pt too wide) in paragraph at lines 79--80
[]\T1/lmr/bx/n/12 Why 5.0? \T1/lmr/m/n/12 This value rep-re-sents the up-per bo
und of ``com-fort-able'' color transitions---

[39])
[40]
Chapter 5.
(./sections/05_style_controls.tex
[41]
[42]
[43])
Overfull \hbox (21.6993pt too wide) in paragraph at lines 169--57
[]\T1/lmr/m/n/12 With all pa-ram-e-ters at de-fault val-ues, the en-gine pro-du
ces sim-ple lin-ear interpolation---

[44]
Chapter 6.
(./sections/06_modes_of_operation.tex
[45]
[46]
Underfull \hbox (badness 1527) in paragraph at lines 146--146
[]|\T1/lmr/m/n/12 Output for dis-crete cat-e-

Underfull \hbox (badness 2393) in paragraph at lines 149--149
[]|\T1/lmr/m/n/12 Need mood palette from

[47])
[48]
Chapter 7.
(./sections/07_loop_strategies.tex
[49]
[50]

LaTeX Warning: Command \textdegree invalid in math mode on input line 107.


LaTeX Warning: Command \textdegree invalid in math mode on input line 107.


[51])
[52]
Chapter 8.
(./sections/08_gamut_management.tex
Underfull \vbox (badness 1845) has occurred while \output is active
[53]
[54]
Underfull \vbox (badness 1728) has occurred while \output is active
[55])
[56]
Chapter 9.
(./sections/09_variation_determinism.tex
[57]
Overfull \hbox (10.26237pt too wide) in paragraph at lines 82--83
[]\T1/lmr/bx/n/12 Specified al-go-rithm \T1/lmr/m/n/12 --- Im-ple-men-ta-tion u
ses doc-u-mented al-go-rithm (e.g., xoshiro256**

[58])
[59]
Chapter 10.
(./sections/10_api_design.tex
Underfull \vbox (badness 10000) has occurred while \output is active
[60]
[61]
[62])
[63]
Chapter 11.
(./sections/11_caller_responsibilities.tex
[64]
[65])
[66]
Chapter 12.
(./sections/12_conclusion.tex
[67]
Overfull \hbox (18.67929pt too wide) in paragraph at lines 46--47
[]\T1/lmr/m/n/12 The per-cep-tual weights for ve-loc-ity cal-cu-la-tion (Ÿ[][]6
.3[][]) are de-sign heuris-tics, not empirically-

[68]
Overfull \hbox (18.32649pt too wide) in paragraph at lines 65--66
[] []\T1/lmr/bx/n/12 Sym-me-try--Con-strained Op-ti-mi-sa-tion.[] \T1/lmr/m/n/1
2 The cur-rent en-gine con-structs jour-neys through
)
[69]
[70]
[71]
[72]
Appendix A.
(./appendices/A_presets.tex
Underfull \hbox (badness 3439) in paragraph at lines 42--42
[]|\T1/lmr/m/n/12 Simple in-ter-po-

Underfull \hbox (badness 10000) in paragraph at lines 44--44
[]|\T1/lmr/m/n/12 High-impact

Underfull \hbox (badness 10000) in paragraph at lines 49--49
[]|\T1/lmr/m/n/12 Cool aquatic

Overfull \hbox (5.32907pt too wide) in paragraph at lines 59--59
[]|\T1/lmtt/m/n/12 categorical| 

Underfull \hbox (badness 10000) in paragraph at lines 59--59
[]|\T1/lmr/m/n/12 Distinct cat-e-

Underfull \hbox (badness 7064) in paragraph at lines 63--63
[]|\T1/lmr/m/n/12 Pulsing an-i-ma-

[73]
Underfull \vbox (badness 10000) has occurred while \output is active
[74]
Overfull \hbox (5.95863pt too wide) in paragraph at lines 80--81
\T1/lmr/m/n/12 chors. The path swings through higher-chroma re-gions, pro-duc-i
ng bold, attention-grabbing

[75]
[76]
Underfull \hbox (badness 10000) in paragraph at lines 135--135
[]|\T1/lmr/m/n/12 High-energy, attention-
)
[77]
Appendix B.
(./appendices/B_notation.tex
Overfull \hbox (16.51318pt too wide) in paragraph at lines 15--25
 [] 

Underfull \vbox (badness 3525) has occurred while \output is active
[78]
Overfull \hbox (39.49638pt too wide) in paragraph at lines 61--71
 [] 

Overfull \hbox (1.85588pt too wide) in paragraph at lines 76--85
 [] 

Underfull \vbox (badness 10000) has occurred while \output is active
[79]
Underfull \vbox (badness 1014) has occurred while \output is active
[80]
[81]
[82])
[83]
Appendix C.
(./appendices/C_examples.tex
[84]
[85]
[86]
[87]
[88]
[89]
[90]
[91])
[92]
Appendix D.
(./appendices/D_quick_reference.tex
Overfull \hbox (26.24466pt too wide) in paragraph at lines 9--37
 [][] 

LaTeX Warning: `h' float specifier changed to `ht'.


LaTeX Warning: `h' float specifier changed to `ht'.


LaTeX Warning: `h' float specifier changed to `ht'.


Underfull \hbox (badness 10000) in paragraph at lines 110--110
[]|\T1/lmr/m/n/12 Smooth gra-di-ent back-

LaTeX Warning: `h' float specifier changed to `ht'.


Underfull \vbox (badness 3503) has occurred while \output is active
[93]

LaTeX Warning: `h' float specifier changed to `ht'.


Underfull \hbox (badness 10000) in paragraph at lines 153--154
[]|\T1/lmr/m/n/12 Temperature bias rout-ing

Underfull \hbox (badness 3514) in paragraph at lines 153--154
\T1/lmr/m/n/12 through dif-fer-ent hues; check

Underfull \hbox (badness 7168) in paragraph at lines 156--156
[]|\T1/lmr/m/n/12 Animation has vis-i-ble

Underfull \hbox (badness 5302) in paragraph at lines 156--157
[]|\T1/lmr/m/n/12 Using \T1/lmtt/m/n/12 open \T1/lmr/m/n/12 loop; switch to

Underfull \hbox (badness 5847) in paragraph at lines 158--158
[]|\T1/lmr/m/n/12 Palette doesn't match

LaTeX Warning: `h' float specifier changed to `ht'.


LaTeX Warning: `h' float specifier changed to `ht'.

)
[94]
[95]
[96]
Appendix E.
(./appendices/E_oklab_code.tex
Overfull \hbox (28.64732pt too wide) in paragraph at lines 21--21
[]    \T1/lmtt/m/n/12 float l = 0.4122214708f * c.r + 0.5363325363f * c.g + 0.0
514459929f * c.b;[] 

Overfull \hbox (28.6053pt too wide) in paragraph at lines 22--22
[]    \T1/lmtt/m/n/12 float m = 0.2119034982f * c.r + 0.6806995451f * c.g + 0.1
073969566f * c.b;[] 

Overfull \hbox (28.64032pt too wide) in paragraph at lines 23--23
[]    \T1/lmtt/m/n/12 float s = 0.0883024619f * c.r + 0.2817188376f * c.g + 0.6
299787005f * c.b;[] 

[97])
[98] (./main.aux) )
(see the transcript file for additional information)
pdfTeX warning (dest): name{Hfootnote.11} has been referenced but does not exis
t, replaced by a fixed one

</usr/local/texlive/2025/texmf-dist/fonts/type1/public/amsfonts/cm/cmmi10.pfb><
/usr/local/texlive/2025/texmf-dist/fonts/type1/public/amsfonts/cm/cmmi7.pfb></u
sr/local/texlive/2025/texmf-dist/fonts/type1/public/amsfonts/cm/cmmi9.pfb></usr
/local/texlive/2025/texmf-dist/fonts/type1/public/amsfonts/cm/cmr10.pfb></usr/l
ocal/texlive/2025/texmf-dist/fonts/type1/public/amsfonts/cm/cmr9.pfb></usr/loca
l/texlive/2025/texmf-dist/fonts/type1/public/lm/lmbx10.pfb></usr/local/texlive/
2025/texmf-dist/fonts/type1/public/lm/lmbx12.pfb></usr/local/texlive/2025/texmf
-dist/fonts/type1/public/lm/lmcsc10.pfb></usr/local/texlive/2025/texmf-dist/fon
ts/type1/public/lm/lmex10.pfb></usr/local/texlive/2025/texmf-dist/fonts/type1/p
ublic/lm/lmmi10.pfb></usr/local/texlive/2025/texmf-dist/fonts/type1/public/lm/l
mmi12.pfb></usr/local/texlive/2025/texmf-dist/fonts/type1/public/lm/lmmi8.pfb><
/usr/local/texlive/2025/texmf-dist/fonts/type1/public/lm/lmr10.pfb></usr/local/
texlive/2025/texmf-dist/fonts/type1/public/lm/lmr12.pfb></usr/local/texlive/202
5/texmf-dist/fonts/type1/public/lm/lmr17.pfb></usr/local/texlive/2025/texmf-dis
t/fonts/type1/public/lm/lmr7.pfb></usr/local/texlive/2025/texmf-dist/fonts/type
1/public/lm/lmr8.pfb></usr/local/texlive/2025/texmf-dist/fonts/type1/public/lm/
lmri10.pfb></usr/local/texlive/2025/texmf-dist/fonts/type1/public/lm/lmri12.pfb
></usr/local/texlive/2025/texmf-dist/fonts/type1/public/lm/lmsy10.pfb></usr/loc
al/texlive/2025/texmf-dist/fonts/type1/public/lm/lmsy8.pfb></usr/local/texlive/
2025/texmf-dist/fonts/type1/public/lm/lmtk10.pfb></usr/local/texlive/2025/texmf
-dist/fonts/type1/public/lm/lmtt10.pfb></usr/local/texlive/2025/texmf-dist/font
s/type1/public/lm/lmtt12.pfb></usr/local/texlive/2025/texmf-dist/fonts/type1/pu
blic/amsfonts/symbols/msbm10.pfb>
Output written on ./main.pdf (99 pages, 741945 bytes).
Transcript written on ./main.log.
This is pdfTeX, Version 3.141592653-2.6-1.40.27 (TeX Live 2025) (preloaded format=pdflatex)
 restricted \write18 enabled.
entering extended mode
(./main.tex
LaTeX2e <2024-11-01> patch level 2
L3 programming layer <2025-01-18>
(./preamble.tex (/usr/local/texlive/2025/texmf-dist/tex/latex/base/report.cls
Document Class: report 2024/06/29 v1.4n Standard LaTeX document class
(/usr/local/texlive/2025/texmf-dist/tex/latex/base/size12.clo))
(/usr/local/texlive/2025/texmf-dist/tex/latex/base/fontenc.sty)
(/usr/local/texlive/2025/texmf-dist/tex/latex/lm/lmodern.sty)
(/usr/local/texlive/2025/texmf-dist/tex/generic/babel/babel.sty
(/usr/local/texlive/2025/texmf-dist/tex/generic/babel/txtbabel.def)
(/usr/local/texlive/2025/texmf-dist/tex/generic/babel-english/english.ldf))
(/usr/local/texlive/2025/texmf-dist/tex/generic/babel/locale/en/babel-english.t
ex) (/usr/local/texlive/2025/texmf-dist/tex/latex/amsmath/amsmath.sty
For additional information on amsmath, use the `?' option.
(/usr/local/texlive/2025/texmf-dist/tex/latex/amsmath/amstext.sty
(/usr/local/texlive/2025/texmf-dist/tex/latex/amsmath/amsgen.sty))
(/usr/local/texlive/2025/texmf-dist/tex/latex/amsmath/amsbsy.sty)
(/usr/local/texlive/2025/texmf-dist/tex/latex/amsmath/amsopn.sty))
(/usr/local/texlive/2025/texmf-dist/tex/latex/amsfonts/amssymb.sty
(/usr/local/texlive/2025/texmf-dist/tex/latex/amsfonts/amsfonts.sty))
(/usr/local/texlive/2025/texmf-dist/tex/latex/amscls/amsthm.sty)
(/usr/local/texlive/2025/texmf-dist/tex/latex/mathtools/mathtools.sty
(/usr/local/texlive/2025/texmf-dist/tex/latex/graphics/keyval.sty)
(/usr/local/texlive/2025/texmf-dist/tex/latex/tools/calc.sty)
(/usr/local/texlive/2025/texmf-dist/tex/latex/mathtools/mhsetup.sty))
(/usr/local/texlive/2025/texmf-dist/tex/latex/physics/physics.sty
(/usr/local/texlive/2025/texmf-dist/tex/latex/l3packages/xparse/xparse.sty
(/usr/local/texlive/2025/texmf-dist/tex/latex/l3kernel/expl3.sty
(/usr/local/texlive/2025/texmf-dist/tex/latex/l3backend/l3backend-pdftex.def)))
) (/usr/local/texlive/2025/texmf-dist/tex/latex/graphics/graphicx.sty
(/usr/local/texlive/2025/texmf-dist/tex/latex/graphics/graphics.sty
(/usr/local/texlive/2025/texmf-dist/tex/latex/graphics/trig.sty)
(/usr/local/texlive/2025/texmf-dist/tex/latex/graphics-cfg/graphics.cfg)
(/usr/local/texlive/2025/texmf-dist/tex/latex/graphics-def/pdftex.def)))
(/usr/local/texlive/2025/texmf-dist/tex/latex/xcolor/xcolor.sty
(/usr/local/texlive/2025/texmf-dist/tex/latex/graphics-cfg/color.cfg)
(/usr/local/texlive/2025/texmf-dist/tex/latex/graphics/mathcolor.ltx))
(/usr/local/texlive/2025/texmf-dist/tex/latex/pgf/frontendlayer/tikz.sty
(/usr/local/texlive/2025/texmf-dist/tex/latex/pgf/basiclayer/pgf.sty
(/usr/local/texlive/2025/texmf-dist/tex/latex/pgf/utilities/pgfrcs.sty
(/usr/local/texlive/2025/texmf-dist/tex/generic/pgf/utilities/pgfutil-common.te
x)
(/usr/local/texlive/2025/texmf-dist/tex/generic/pgf/utilities/pgfutil-latex.def
) (/usr/local/texlive/2025/texmf-dist/tex/generic/pgf/utilities/pgfrcs.code.tex
(/usr/local/texlive/2025/texmf-dist/tex/generic/pgf/pgf.revision.tex)))
(/usr/local/texlive/2025/texmf-dist/tex/latex/pgf/basiclayer/pgfcore.sty
(/usr/local/texlive/2025/texmf-dist/tex/latex/pgf/systemlayer/pgfsys.sty
(/usr/local/texlive/2025/texmf-dist/tex/generic/pgf/systemlayer/pgfsys.code.tex
(/usr/local/texlive/2025/texmf-dist/tex/generic/pgf/utilities/pgfkeys.code.tex
(/usr/local/texlive/2025/texmf-dist/tex/generic/pgf/utilities/pgfkeyslibraryfil
tered.code.tex))
(/usr/local/texlive/2025/texmf-dist/tex/generic/pgf/systemlayer/pgf.cfg)
(/usr/local/texlive/2025/texmf-dist/tex/generic/pgf/systemlayer/pgfsys-pdftex.d
ef
(/usr/local/texlive/2025/texmf-dist/tex/generic/pgf/systemlayer/pgfsys-common-p
df.def)))
(/usr/local/texlive/2025/texmf-dist/tex/generic/pgf/systemlayer/pgfsyssoftpath.
code.tex)
(/usr/local/texlive/2025/texmf-dist/tex/generic/pgf/systemlayer/pgfsysprotocol.
code.tex))
(/usr/local/texlive/2025/texmf-dist/tex/generic/pgf/basiclayer/pgfcore.code.tex
(/usr/local/texlive/2025/texmf-dist/tex/generic/pgf/math/pgfmath.code.tex
(/usr/local/texlive/2025/texmf-dist/tex/generic/pgf/math/pgfmathutil.code.tex)
(/usr/local/texlive/2025/texmf-dist/tex/generic/pgf/math/pgfmathparser.code.tex
)
(/usr/local/texlive/2025/texmf-dist/tex/generic/pgf/math/pgfmathfunctions.code.
tex)
(/usr/local/texlive/2025/texmf-dist/tex/generic/pgf/math/pgfmathfunctions.basic
.code.tex)
(/usr/local/texlive/2025/texmf-dist/tex/generic/pgf/math/pgfmathfunctions.trigo
nometric.code.tex)
(/usr/local/texlive/2025/texmf-dist/tex/generic/pgf/math/pgfmathfunctions.rando
m.code.tex)
(/usr/local/texlive/2025/texmf-dist/tex/generic/pgf/math/pgfmathfunctions.compa
rison.code.tex)
(/usr/local/texlive/2025/texmf-dist/tex/generic/pgf/math/pgfmathfunctions.base.
code.tex)
(/usr/local/texlive/2025/texmf-dist/tex/generic/pgf/math/pgfmathfunctions.round
.code.tex)
(/usr/local/texlive/2025/texmf-dist/tex/generic/pgf/math/pgfmathfunctions.misc.
code.tex)
(/usr/local/texlive/2025/texmf-dist/tex/generic/pgf/math/pgfmathfunctions.integ
erarithmetics.code.tex)
(/usr/local/texlive/2025/texmf-dist/tex/generic/pgf/math/pgfmathcalc.code.tex)
(/usr/local/texlive/2025/texmf-dist/tex/generic/pgf/math/pgfmathfloat.code.tex)
) (/usr/local/texlive/2025/texmf-dist/tex/generic/pgf/math/pgfint.code.tex)
(/usr/local/texlive/2025/texmf-dist/tex/generic/pgf/basiclayer/pgfcorepoints.co
de.tex)
(/usr/local/texlive/2025/texmf-dist/tex/generic/pgf/basiclayer/pgfcorepathconst
ruct.code.tex)
(/usr/local/texlive/2025/texmf-dist/tex/generic/pgf/basiclayer/pgfcorepathusage
.code.tex)
(/usr/local/texlive/2025/texmf-dist/tex/generic/pgf/basiclayer/pgfcorescopes.co
de.tex)
(/usr/local/texlive/2025/texmf-dist/tex/generic/pgf/basiclayer/pgfcoregraphicst
ate.code.tex)
(/usr/local/texlive/2025/texmf-dist/tex/generic/pgf/basiclayer/pgfcoretransform
ations.code.tex)
(/usr/local/texlive/2025/texmf-dist/tex/generic/pgf/basiclayer/pgfcorequick.cod
e.tex)
(/usr/local/texlive/2025/texmf-dist/tex/generic/pgf/basiclayer/pgfcoreobjects.c
ode.tex)
(/usr/local/texlive/2025/texmf-dist/tex/generic/pgf/basiclayer/pgfcorepathproce
ssing.code.tex)
(/usr/local/texlive/2025/texmf-dist/tex/generic/pgf/basiclayer/pgfcorearrows.co
de.tex)
(/usr/local/texlive/2025/texmf-dist/tex/generic/pgf/basiclayer/pgfcoreshade.cod
e.tex)
(/usr/local/texlive/2025/texmf-dist/tex/generic/pgf/basiclayer/pgfcoreimage.cod
e.tex)
(/usr/local/texlive/2025/texmf-dist/tex/generic/pgf/basiclayer/pgfcoreexternal.
code.tex)
(/usr/local/texlive/2025/texmf-dist/tex/generic/pgf/basiclayer/pgfcorelayers.co
de.tex)
(/usr/local/texlive/2025/texmf-dist/tex/generic/pgf/basiclayer/pgfcoretranspare
ncy.code.tex)
(/usr/local/texlive/2025/texmf-dist/tex/generic/pgf/basiclayer/pgfcorepatterns.
code.tex)
(/usr/local/texlive/2025/texmf-dist/tex/generic/pgf/basiclayer/pgfcorerdf.code.
tex)))
(/usr/local/texlive/2025/texmf-dist/tex/generic/pgf/modules/pgfmoduleshapes.cod
e.tex)
(/usr/local/texlive/2025/texmf-dist/tex/generic/pgf/modules/pgfmoduleplot.code.
tex)
(/usr/local/texlive/2025/texmf-dist/tex/latex/pgf/compatibility/pgfcomp-version
-0-65.sty)
(/usr/local/texlive/2025/texmf-dist/tex/latex/pgf/compatibility/pgfcomp-version
-1-18.sty))
(/usr/local/texlive/2025/texmf-dist/tex/latex/pgf/utilities/pgffor.sty
(/usr/local/texlive/2025/texmf-dist/tex/latex/pgf/utilities/pgfkeys.sty
(/usr/local/texlive/2025/texmf-dist/tex/generic/pgf/utilities/pgfkeys.code.tex)
) (/usr/local/texlive/2025/texmf-dist/tex/latex/pgf/math/pgfmath.sty
(/usr/local/texlive/2025/texmf-dist/tex/generic/pgf/math/pgfmath.code.tex))
(/usr/local/texlive/2025/texmf-dist/tex/generic/pgf/utilities/pgffor.code.tex))

(/usr/local/texlive/2025/texmf-dist/tex/generic/pgf/frontendlayer/tikz/tikz.cod
e.tex
(/usr/local/texlive/2025/texmf-dist/tex/generic/pgf/libraries/pgflibraryplothan
dlers.code.tex)
(/usr/local/texlive/2025/texmf-dist/tex/generic/pgf/modules/pgfmodulematrix.cod
e.tex)
(/usr/local/texlive/2025/texmf-dist/tex/generic/pgf/frontendlayer/tikz/librarie
s/tikzlibrarytopaths.code.tex)))
(/usr/local/texlive/2025/texmf-dist/tex/generic/pgf/frontendlayer/tikz/librarie
s/tikzlibraryshapes.code.tex
(/usr/local/texlive/2025/texmf-dist/tex/generic/pgf/frontendlayer/tikz/librarie
s/tikzlibraryshapes.geometric.code.tex
(/usr/local/texlive/2025/texmf-dist/tex/generic/pgf/libraries/shapes/pgflibrary
shapes.geometric.code.tex))
(/usr/local/texlive/2025/texmf-dist/tex/generic/pgf/frontendlayer/tikz/librarie
s/tikzlibraryshapes.misc.code.tex
(/usr/local/texlive/2025/texmf-dist/tex/generic/pgf/libraries/shapes/pgflibrary
shapes.misc.code.tex))
(/usr/local/texlive/2025/texmf-dist/tex/generic/pgf/frontendlayer/tikz/librarie
s/tikzlibraryshapes.symbols.code.tex
(/usr/local/texlive/2025/texmf-dist/tex/generic/pgf/libraries/shapes/pgflibrary
shapes.symbols.code.tex))
(/usr/local/texlive/2025/texmf-dist/tex/generic/pgf/frontendlayer/tikz/librarie
s/tikzlibraryshapes.arrows.code.tex
(/usr/local/texlive/2025/texmf-dist/tex/generic/pgf/libraries/shapes/pgflibrary
shapes.arrows.code.tex))
(/usr/local/texlive/2025/texmf-dist/tex/generic/pgf/frontendlayer/tikz/librarie
s/tikzlibraryshapes.callouts.code.tex
(/usr/local/texlive/2025/texmf-dist/tex/generic/pgf/libraries/shapes/pgflibrary
shapes.callouts.code.tex))
(/usr/local/texlive/2025/texmf-dist/tex/generic/pgf/frontendlayer/tikz/librarie
s/tikzlibraryshapes.multipart.code.tex
(/usr/local/texlive/2025/texmf-dist/tex/generic/pgf/libraries/shapes/pgflibrary
shapes.multipart.code.tex)))
(/usr/local/texlive/2025/texmf-dist/tex/generic/pgf/frontendlayer/tikz/librarie
s/tikzlibraryarrows.code.tex
(/usr/local/texlive/2025/texmf-dist/tex/generic/pgf/libraries/pgflibraryarrows.
code.tex))
(/usr/local/texlive/2025/texmf-dist/tex/generic/pgf/frontendlayer/tikz/librarie
s/tikzlibrarypositioning.code.tex)
(/usr/local/texlive/2025/texmf-dist/tex/latex/geometry/geometry.sty
(/usr/local/texlive/2025/texmf-dist/tex/generic/iftex/ifvtex.sty
(/usr/local/texlive/2025/texmf-dist/tex/generic/iftex/iftex.sty)))
(/usr/local/texlive/2025/texmf-dist/tex/latex/setspace/setspace.sty)
(/usr/local/texlive/2025/texmf-dist/tex/latex/csquotes/csquotes.sty
(/usr/local/texlive/2025/texmf-dist/tex/latex/etoolbox/etoolbox.sty)
(/usr/local/texlive/2025/texmf-dist/tex/latex/csquotes/csquotes.def)
(/usr/local/texlive/2025/texmf-dist/tex/latex/csquotes/csquotes.cfg))
(/usr/local/texlive/2025/texmf-dist/tex/latex/biblatex/biblatex.sty
(/usr/local/texlive/2025/texmf-dist/tex/generic/pdftexcmds/pdftexcmds.sty
(/usr/local/texlive/2025/texmf-dist/tex/generic/infwarerr/infwarerr.sty)
(/usr/local/texlive/2025/texmf-dist/tex/generic/ltxcmds/ltxcmds.sty))
(/usr/local/texlive/2025/texmf-dist/tex/latex/kvoptions/kvoptions.sty
(/usr/local/texlive/2025/texmf-dist/tex/latex/kvsetkeys/kvsetkeys.sty))
(/usr/local/texlive/2025/texmf-dist/tex/latex/logreq/logreq.sty
(/usr/local/texlive/2025/texmf-dist/tex/latex/logreq/logreq.def))
(/usr/local/texlive/2025/texmf-dist/tex/latex/base/ifthen.sty)
(/usr/local/texlive/2025/texmf-dist/tex/latex/url/url.sty)
(/usr/local/texlive/2025/texmf-dist/tex/latex/biblatex/blx-dm.def)
(/usr/local/texlive/2025/texmf-dist/tex/latex/biblatex/blx-compat.def)
(/usr/local/texlive/2025/texmf-dist/tex/latex/biblatex/biblatex.def)
(/usr/local/texlive/2025/texmf-dist/tex/latex/biblatex/blx-natbib.def)
(/usr/local/texlive/2025/texmf-dist/tex/latex/biblatex/bbx/authoryear.bbx
(/usr/local/texlive/2025/texmf-dist/tex/latex/biblatex/bbx/standard.bbx))
(/usr/local/texlive/2025/texmf-dist/tex/latex/biblatex/cbx/authoryear.cbx)
(/usr/local/texlive/2025/texmf-dist/tex/latex/biblatex/biblatex.cfg)
(/usr/local/texlive/2025/texmf-dist/tex/latex/biblatex/blx-case-expl3.sty))
(/usr/local/texlive/2025/texmf-dist/tex/latex/xurl/xurl.sty
xurl: Set penalties for biblatex
) (/usr/local/texlive/2025/texmf-dist/tex/latex/hyperref/hyperref.sty
(/usr/local/texlive/2025/texmf-dist/tex/generic/kvdefinekeys/kvdefinekeys.sty)
(/usr/local/texlive/2025/texmf-dist/tex/generic/pdfescape/pdfescape.sty)
(/usr/local/texlive/2025/texmf-dist/tex/latex/hycolor/hycolor.sty)
(/usr/local/texlive/2025/texmf-dist/tex/latex/hyperref/nameref.sty
(/usr/local/texlive/2025/texmf-dist/tex/latex/refcount/refcount.sty)
(/usr/local/texlive/2025/texmf-dist/tex/generic/gettitlestring/gettitlestring.s
ty)) (/usr/local/texlive/2025/texmf-dist/tex/generic/stringenc/stringenc.sty)
(/usr/local/texlive/2025/texmf-dist/tex/latex/hyperref/pd1enc.def)
(/usr/local/texlive/2025/texmf-dist/tex/generic/intcalc/intcalc.sty)
(/usr/local/texlive/2025/texmf-dist/tex/latex/hyperref/puenc.def)
(/usr/local/texlive/2025/texmf-dist/tex/generic/bitset/bitset.sty
(/usr/local/texlive/2025/texmf-dist/tex/generic/bigintcalc/bigintcalc.sty))
(/usr/local/texlive/2025/texmf-dist/tex/latex/base/atbegshi-ltx.sty))
(/usr/local/texlive/2025/texmf-dist/tex/latex/hyperref/hpdftex.def
(/usr/local/texlive/2025/texmf-dist/tex/latex/base/atveryend-ltx.sty)
(/usr/local/texlive/2025/texmf-dist/tex/latex/rerunfilecheck/rerunfilecheck.sty

(/usr/local/texlive/2025/texmf-dist/tex/generic/uniquecounter/uniquecounter.sty
))) (/usr/local/texlive/2025/texmf-dist/tex/latex/cleveref/cleveref.sty)
(/usr/local/texlive/2025/texmf-dist/tex/latex/fancyhdr/fancyhdr.sty)
(/usr/local/texlive/2025/texmf-dist/tex/latex/booktabs/booktabs.sty)
(/usr/local/texlive/2025/texmf-dist/tex/latex/tools/array.sty)
(/usr/local/texlive/2025/texmf-dist/tex/latex/tools/longtable.sty)
(/usr/local/texlive/2025/texmf-dist/tex/latex/enumitem/enumitem.sty)
(/usr/local/texlive/2025/texmf-dist/tex/latex/tcolorbox/tcolorbox.sty
(/usr/local/texlive/2025/texmf-dist/tex/latex/tools/verbatim.sty)
(/usr/local/texlive/2025/texmf-dist/tex/latex/environ/environ.sty
(/usr/local/texlive/2025/texmf-dist/tex/latex/trimspaces/trimspaces.sty))
(/usr/local/texlive/2025/texmf-dist/tex/latex/tcolorbox/tcbraster.code.tex
Library (tcolorbox): 'tcbraster.code.tex' version '6.4.1'
) (/usr/local/texlive/2025/texmf-dist/tex/latex/tcolorbox/tcbskins.code.tex
Library (tcolorbox): 'tcbskins.code.tex' version '6.4.1'
(/usr/local/texlive/2025/texmf-dist/tex/latex/tikzfill/tikzfill.image.sty
(/usr/local/texlive/2025/texmf-dist/tex/latex/tikzfill/tikzfill-common.sty)
(/usr/local/texlive/2025/texmf-dist/tex/latex/tikzfill/tikzlibraryfill.image.co
de.tex))
(/usr/local/texlive/2025/texmf-dist/tex/latex/tcolorbox/tcbskinsjigsaw.code.tex
Library (tcolorbox): 'tcbskinsjigsaw.code.tex' version '6.4.1'
))
(/usr/local/texlive/2025/texmf-dist/tex/latex/tcolorbox/tcbbreakable.code.tex
Library (tcolorbox): 'tcbbreakable.code.tex' version '6.4.1'
(/usr/local/texlive/2025/texmf-dist/tex/latex/pdfcol/pdfcol.sty))
(/usr/local/texlive/2025/texmf-dist/tex/latex/tcolorbox/tcbhooks.code.tex
Library (tcolorbox): 'tcbhooks.code.tex' version '6.4.1'
) (/usr/local/texlive/2025/texmf-dist/tex/latex/tcolorbox/tcbtheorems.code.tex
Library (tcolorbox): 'tcbtheorems.code.tex' version '6.4.1'
) (/usr/local/texlive/2025/texmf-dist/tex/latex/tcolorbox/tcbfitting.code.tex
Library (tcolorbox): 'tcbfitting.code.tex' version '6.4.1'
)
(/usr/local/texlive/2025/texmf-dist/tex/latex/tcolorbox/tcblistingsutf8.code.te
x
Library (tcolorbox): 'tcblistingsutf8.code.tex' version '6.4.1'
(/usr/local/texlive/2025/texmf-dist/tex/latex/tcolorbox/tcblistings.code.tex
Library (tcolorbox): 'tcblistings.code.tex' version '6.4.1'
(/usr/local/texlive/2025/texmf-dist/tex/latex/listings/listings.sty
(/usr/local/texlive/2025/texmf-dist/tex/latex/listings/lstpatch.sty)
(/usr/local/texlive/2025/texmf-dist/tex/latex/listings/lstmisc.sty)
(/usr/local/texlive/2025/texmf-dist/tex/latex/listings/listings.cfg))
(/usr/local/texlive/2025/texmf-dist/tex/latex/tcolorbox/tcblistingscore.code.te
x
Library (tcolorbox): 'tcblistingscore.code.tex' version '6.4.1'
(/usr/local/texlive/2025/texmf-dist/tex/latex/tcolorbox/tcbprocessing.code.tex
Library (tcolorbox): 'tcbprocessing.code.tex' version '6.4.1'
))) (/usr/local/texlive/2025/texmf-dist/tex/latex/listingsutf8/listingsutf8.sty
)) (/usr/local/texlive/2025/texmf-dist/tex/latex/tcolorbox/tcbexternal.code.tex
Library (tcolorbox): 'tcbexternal.code.tex' version '6.4.1'
) (/usr/local/texlive/2025/texmf-dist/tex/latex/tcolorbox/tcbmagazine.code.tex
Library (tcolorbox): 'tcbmagazine.code.tex' version '6.4.1'
) (/usr/local/texlive/2025/texmf-dist/tex/latex/tcolorbox/tcbvignette.code.tex
Library (tcolorbox): 'tcbvignette.code.tex' version '6.4.1'

(/usr/local/texlive/2025/texmf-dist/tex/generic/pgf/frontendlayer/tikz/librarie
s/tikzlibraryfadings.code.tex
(/usr/local/texlive/2025/texmf-dist/tex/generic/pgf/libraries/pgflibraryfadings
.code.tex)))
(/usr/local/texlive/2025/texmf-dist/tex/latex/tcolorbox/tcbposter.code.tex
Library (tcolorbox): 'tcbposter.code.tex' version '6.4.1'
)) (/usr/local/texlive/2025/texmf-dist/tex/latex/listings/lstlang1.sty)
(/usr/local/texlive/2025/texmf-dist/tex/latex/listings/lstlang1.sty))
(./settings.tex
(/usr/local/texlive/2025/texmf-dist/tex/latex/titlesec/titlesec.sty)
(/usr/local/texlive/2025/texmf-dist/tex/latex/caption/caption.sty
(/usr/local/texlive/2025/texmf-dist/tex/latex/caption/caption3.sty)
(/usr/local/texlive/2025/texmf-dist/tex/latex/caption/ltcaption.sty)))
(./metadata.tex) (/usr/local/texlive/2025/texmf-dist/tex/latex/lm/t1lmr.fd)
(./main.aux)
(/usr/local/texlive/2025/texmf-dist/tex/context/base/mkii/supp-pdf.mkii
[Loading MPS to PDF converter (version 2006.09.02).]
) (/usr/local/texlive/2025/texmf-dist/tex/latex/epstopdf-pkg/epstopdf-base.sty
(/usr/local/texlive/2025/texmf-dist/tex/latex/latexconfig/epstopdf-sys.cfg))
*geometry* driver: auto-detecting
*geometry* detected driver: pdftex
(/usr/local/texlive/2025/texmf-dist/tex/latex/biblatex/lbx/english.lbx)
(./main.bbl) (./main.out) (./main.out)
(/usr/local/texlive/2025/texmf-dist/tex/latex/base/inputenc.sty)
(/usr/local/texlive/2025/texmf-dist/tex/latex/lm/ot1lmr.fd)
(/usr/local/texlive/2025/texmf-dist/tex/latex/lm/omllmm.fd)
(/usr/local/texlive/2025/texmf-dist/tex/latex/lm/omslmsy.fd)
(/usr/local/texlive/2025/texmf-dist/tex/latex/lm/omxlmex.fd)
(/usr/local/texlive/2025/texmf-dist/tex/latex/amsfonts/umsa.fd)
(/usr/local/texlive/2025/texmf-dist/tex/latex/amsfonts/umsb.fd)
[1{/usr/local/texlive/2025/texmf-var/fonts/map/pdftex/updmap/pdftex.map}{/usr/l
ocal/texlive/2025/texmf-dist/fonts/enc/dvips/lm/lm-ec.enc}]

pdfTeX warning (ext4): destination with the same identifier (name{page.1}) has 
been already used, duplicate ignored
<to be read again> 
                   \relax 
l.21 \end{abstract}
                    [1]
Overfull \hbox (4.12323pt too wide) in paragraph at lines 24--25
[]\T1/lmr/bx/n/12 Keywords: \T1/lmr/m/n/12 color palette gen-er-a-tion, OK-Lab,
 per-cep-tual uni-for-mity, Bézier curves,

Overfull \hbox (2.81429pt too wide) in paragraph at lines 28--29
\T1/lmr/bx/n/12 Note on Spelling: \T1/lmr/m/n/12 This spec-i-fi-ca-tion uses Am
er-i-can En-glish spelling con-ven-tions (``color''

[2] (./main.toc (/usr/local/texlive/2025/texmf-dist/tex/latex/lm/ts1lmr.fd)
[3{/usr/local/texlive/2025/texmf-dist/fonts/enc/dvips/lm/lm-ts1.enc}]
[4{/usr/local/texlive/2025/texmf-dist/fonts/enc/dvips/lm/lm-rm.enc}]
[5]
[6]
[7])
[8]
Chapter 1.
(./sections/01_introduction.tex
[9]
[10{/usr/local/texlive/2025/texmf-dist/fonts/enc/dvips/lm/lm-mathit.enc}]
Overfull \hbox (1.13408pt too wide) in paragraph at lines 86--87
\T1/lmr/m/n/12 Palette gen-er-a-tion ap-proaches fall into three broad paradigm
s, each with dis-tinct strengths

[11]
Overfull \hbox (15.52242pt too wide) in paragraph at lines 111--112
[]\T1/lmr/bx/n/12 Single-anchor mood ex-pan-sion\T1/lmr/m/n/12 ---to our knowl-
edge, a novel approach---using lightness-

[12])
[13]
Chapter 2.
(./sections/02_perceptual_foundations.tex
[14]
[15{/usr/local/texlive/2025/texmf-dist/fonts/enc/dvips/lm/lm-mathsy.enc}]
[16]
[17{/usr/local/texlive/2025/texmf-dist/fonts/enc/dvips/lm/lm-mathex.enc}]
[18]
Overfull \hbox (4.87674pt too wide) in paragraph at lines 153--154
[]\T1/lmr/bx/n/12 Computational ef-fi-ciency: \T1/lmr/m/n/12 Trans-for-ma-tions
 must be fast enough for real-time palette

[19]
[20] (/usr/local/texlive/2025/texmf-dist/tex/latex/lm/t1lmtt.fd)
[21]
[22]

./sections/02_perceptual_foundations.tex:280: LaTeX Error: There's no line here
 to end.

See the LaTeX manual or LaTeX Companion for explanation.
Type  H <return>  for immediate help.
 ...                                              
                                                  
l.280 \\s
         ubsection{Implications for Journey Construction}

[23]
[24 <./figures/interpolation-comparison.pdf>]
[25]
[26]
Overfull \hbox (4.03256pt too wide) in paragraph at lines 364--365
\T1/lmr/m/n/12 thresh-olds to changes in chro-matic-ity and de-pen-dence on lig
ht-ness'' ([]Sekulovski

[27]
[28 <./figures/temporal-weights.pdf>]
[29]
Overfull \hbox (3.01115pt too wide) in paragraph at lines 427--428
[]\T1/lmr/m/n/12 Position-dependent met-ric ten-sors in-form gamut map-ping str
ate-
)
[30]
Chapter 3.
(./sections/03_journey_construction.tex
[31]
Overfull \hbox (0.25555pt too wide) in paragraph at lines 62--63
\T1/lmr/m/n/12 har-mony sys-tems (com-ple-men-tary, tri-adic, anal-o-gous) gen-
er-ate geometrically-related hues

LaTeX Warning: Command \textdegree invalid in math mode on input line 78.


LaTeX Warning: Command \textdegree invalid in math mode on input line 78.


Underfull \vbox (badness 10000) has occurred while \output is active
[32]
Underfull \vbox (badness 2591) has occurred while \output is active
[33]
[34]
[35]
Overfull \hbox (1.33101pt too wide) in paragraph at lines 184--185
[]\T1/lmr/m/n/12 Arc-length pa-ram-e-ter-i-sa-tion en-sures that out-put swatch
es are per-cep-tu-ally equidis-
)
[36]
Chapter 4.
(./sections/04_perceptual_constraints.tex
Underfull \vbox (badness 2790) has occurred while \output is active
[37]

Package hyperref Warning: Token not allowed in a PDF string (Unicode):
(hyperref)                removing `math shift' on input line 46.


Package hyperref Warning: Token not allowed in a PDF string (Unicode):
(hyperref)                removing `\Delta' on input line 46.


Package hyperref Warning: Token not allowed in a PDF string (Unicode):
(hyperref)                removing `subscript' on input line 46.


Package hyperref Warning: Token not allowed in a PDF string (Unicode):
(hyperref)                removing `\min' on input line 46.


Package hyperref Warning: Token not allowed in a PDF string (Unicode):
(hyperref)                removing `math shift' on input line 46.


Package hyperref Warning: Token not allowed in a PDF string (Unicode):
(hyperref)                removing `math shift' on input line 70.


Package hyperref Warning: Token not allowed in a PDF string (Unicode):
(hyperref)                removing `\Delta' on input line 70.


Package hyperref Warning: Token not allowed in a PDF string (Unicode):
(hyperref)                removing `subscript' on input line 70.


Package hyperref Warning: Token not allowed in a PDF string (Unicode):
(hyperref)                removing `\max' on input line 70.


Package hyperref Warning: Token not allowed in a PDF string (Unicode):
(hyperref)                removing `math shift' on input line 70.


[38]
Overfull \hbox (17.12167pt too wide) in paragraph at lines 79--80
[]\T1/lmr/bx/n/12 Why 5.0? \T1/lmr/m/n/12 This value rep-re-sents the up-per bo
und of ``com-fort-able'' color transitions---

[39])
[40]
Chapter 5.
(./sections/05_style_controls.tex
[41]
[42]
[43])
Overfull \hbox (21.6993pt too wide) in paragraph at lines 169--57
[]\T1/lmr/m/n/12 With all pa-ram-e-ters at de-fault val-ues, the en-gine pro-du
ces sim-ple lin-ear interpolation---

[44]
Chapter 6.
(./sections/06_modes_of_operation.tex
[45]
[46]
Underfull \hbox (badness 1527) in paragraph at lines 146--146
[]|\T1/lmr/m/n/12 Output for dis-crete cat-e-

Underfull \hbox (badness 2393) in paragraph at lines 149--149
[]|\T1/lmr/m/n/12 Need mood palette from

[47])
[48]
Chapter 7.
(./sections/07_loop_strategies.tex
[49]
[50]

LaTeX Warning: Command \textdegree invalid in math mode on input line 107.


LaTeX Warning: Command \textdegree invalid in math mode on input line 107.


[51])
[52]
Chapter 8.
(./sections/08_gamut_management.tex
Underfull \vbox (badness 1845) has occurred while \output is active
[53]
[54]
Underfull \vbox (badness 1728) has occurred while \output is active
[55])
[56]
Chapter 9.
(./sections/09_variation_determinism.tex
[57]
Overfull \hbox (10.26237pt too wide) in paragraph at lines 82--83
[]\T1/lmr/bx/n/12 Specified al-go-rithm \T1/lmr/m/n/12 --- Im-ple-men-ta-tion u
ses doc-u-mented al-go-rithm (e.g., xoshiro256**

[58])
[59]
Chapter 10.
(./sections/10_api_design.tex
Underfull \vbox (badness 10000) has occurred while \output is active
[60]
[61]
[62])
[63]
Chapter 11.
(./sections/11_caller_responsibilities.tex
[64]
[65])
[66]
Chapter 12.
(./sections/12_conclusion.tex
[67]
Overfull \hbox (18.67929pt too wide) in paragraph at lines 46--47
[]\T1/lmr/m/n/12 The per-cep-tual weights for ve-loc-ity cal-cu-la-tion (Ÿ[][]6
.3[][]) are de-sign heuris-tics, not empirically-

[68]
Overfull \hbox (18.32649pt too wide) in paragraph at lines 65--66
[] []\T1/lmr/bx/n/12 Sym-me-try--Con-strained Op-ti-mi-sa-tion.[] \T1/lmr/m/n/1
2 The cur-rent en-gine con-structs jour-neys through
)
[69]
[70]
[71]
[72]
Appendix A.
(./appendices/A_presets.tex
Underfull \hbox (badness 3439) in paragraph at lines 42--42
[]|\T1/lmr/m/n/12 Simple in-ter-po-

Underfull \hbox (badness 10000) in paragraph at lines 44--44
[]|\T1/lmr/m/n/12 High-impact

Underfull \hbox (badness 10000) in paragraph at lines 49--49
[]|\T1/lmr/m/n/12 Cool aquatic

Overfull \hbox (5.32907pt too wide) in paragraph at lines 59--59
[]|\T1/lmtt/m/n/12 categorical| 

Underfull \hbox (badness 10000) in paragraph at lines 59--59
[]|\T1/lmr/m/n/12 Distinct cat-e-

Underfull \hbox (badness 7064) in paragraph at lines 63--63
[]|\T1/lmr/m/n/12 Pulsing an-i-ma-

[73]
Underfull \vbox (badness 10000) has occurred while \output is active
[74]
Overfull \hbox (5.95863pt too wide) in paragraph at lines 80--81
\T1/lmr/m/n/12 chors. The path swings through higher-chroma re-gions, pro-duc-i
ng bold, attention-grabbing

[75]
[76]
Underfull \hbox (badness 10000) in paragraph at lines 135--135
[]|\T1/lmr/m/n/12 High-energy, attention-
)
[77]
Appendix B.
(./appendices/B_notation.tex
Overfull \hbox (16.51318pt too wide) in paragraph at lines 15--25
 [] 

Underfull \vbox (badness 3525) has occurred while \output is active
[78]
Overfull \hbox (39.49638pt too wide) in paragraph at lines 61--71
 [] 

Overfull \hbox (1.85588pt too wide) in paragraph at lines 76--85
 [] 

Underfull \vbox (badness 10000) has occurred while \output is active
[79]
Underfull \vbox (badness 1014) has occurred while \output is active
[80]
[81]
[82])
[83]
Appendix C.
(./appendices/C_examples.tex
[84]
[85]
[86]
[87]
[88]
[89]
[90]
[91])
[92]
Appendix D.
(./appendices/D_quick_reference.tex
Overfull \hbox (26.24466pt too wide) in paragraph at lines 9--37
 [][] 

LaTeX Warning: `h' float specifier changed to `ht'.


LaTeX Warning: `h' float specifier changed to `ht'.


LaTeX Warning: `h' float specifier changed to `ht'.


Underfull \hbox (badness 10000) in paragraph at lines 110--110
[]|\T1/lmr/m/n/12 Smooth gra-di-ent back-

LaTeX Warning: `h' float specifier changed to `ht'.


Underfull \vbox (badness 3503) has occurred while \output is active
[93]

LaTeX Warning: `h' float specifier changed to `ht'.


Underfull \hbox (badness 10000) in paragraph at lines 153--154
[]|\T1/lmr/m/n/12 Temperature bias rout-ing

Underfull \hbox (badness 3514) in paragraph at lines 153--154
\T1/lmr/m/n/12 through dif-fer-ent hues; check

Underfull \hbox (badness 7168) in paragraph at lines 156--156
[]|\T1/lmr/m/n/12 Animation has vis-i-ble

Underfull \hbox (badness 5302) in paragraph at lines 156--157
[]|\T1/lmr/m/n/12 Using \T1/lmtt/m/n/12 open \T1/lmr/m/n/12 loop; switch to

Underfull \hbox (badness 5847) in paragraph at lines 158--158
[]|\T1/lmr/m/n/12 Palette doesn't match

LaTeX Warning: `h' float specifier changed to `ht'.


LaTeX Warning: `h' float specifier changed to `ht'.

)
[94]
[95]
[96]
Appendix E.
(./appendices/E_oklab_code.tex
Overfull \hbox (28.64732pt too wide) in paragraph at lines 21--21
[]    \T1/lmtt/m/n/12 float l = 0.4122214708f * c.r + 0.5363325363f * c.g + 0.0
514459929f * c.b;[] 

Overfull \hbox (28.6053pt too wide) in paragraph at lines 22--22
[]    \T1/lmtt/m/n/12 float m = 0.2119034982f * c.r + 0.6806995451f * c.g + 0.1
073969566f * c.b;[] 

Overfull \hbox (28.64032pt too wide) in paragraph at lines 23--23
[]    \T1/lmtt/m/n/12 float s = 0.0883024619f * c.r + 0.2817188376f * c.g + 0.6
299787005f * c.b;[] 

[97])
[98] (./main.aux) )
(see the transcript file for additional information)
pdfTeX warning (dest): name{Hfootnote.11} has been referenced but does not exis
t, replaced by a fixed one

</usr/local/texlive/2025/texmf-dist/fonts/type1/public/amsfonts/cm/cmmi10.pfb><
/usr/local/texlive/2025/texmf-dist/fonts/type1/public/amsfonts/cm/cmmi7.pfb></u
sr/local/texlive/2025/texmf-dist/fonts/type1/public/amsfonts/cm/cmmi9.pfb></usr
/local/texlive/2025/texmf-dist/fonts/type1/public/amsfonts/cm/cmr10.pfb></usr/l
ocal/texlive/2025/texmf-dist/fonts/type1/public/amsfonts/cm/cmr9.pfb></usr/loca
l/texlive/2025/texmf-dist/fonts/type1/public/lm/lmbx10.pfb></usr/local/texlive/
2025/texmf-dist/fonts/type1/public/lm/lmbx12.pfb></usr/local/texlive/2025/texmf
-dist/fonts/type1/public/lm/lmcsc10.pfb></usr/local/texlive/2025/texmf-dist/fon
ts/type1/public/lm/lmex10.pfb></usr/local/texlive/2025/texmf-dist/fonts/type1/p
ublic/lm/lmmi10.pfb></usr/local/texlive/2025/texmf-dist/fonts/type1/public/lm/l
mmi12.pfb></usr/local/texlive/2025/texmf-dist/fonts/type1/public/lm/lmmi8.pfb><
/usr/local/texlive/2025/texmf-dist/fonts/type1/public/lm/lmr10.pfb></usr/local/
texlive/2025/texmf-dist/fonts/type1/public/lm/lmr12.pfb></usr/local/texlive/202
5/texmf-dist/fonts/type1/public/lm/lmr17.pfb></usr/local/texlive/2025/texmf-dis
t/fonts/type1/public/lm/lmr7.pfb></usr/local/texlive/2025/texmf-dist/fonts/type
1/public/lm/lmr8.pfb></usr/local/texlive/2025/texmf-dist/fonts/type1/public/lm/
lmri10.pfb></usr/local/texlive/2025/texmf-dist/fonts/type1/public/lm/lmri12.pfb
></usr/local/texlive/2025/texmf-dist/fonts/type1/public/lm/lmsy10.pfb></usr/loc
al/texlive/2025/texmf-dist/fonts/type1/public/lm/lmsy8.pfb></usr/local/texlive/
2025/texmf-dist/fonts/type1/public/lm/lmtk10.pfb></usr/local/texlive/2025/texmf
-dist/fonts/type1/public/lm/lmtt10.pfb></usr/local/texlive/2025/texmf-dist/font
s/type1/public/lm/lmtt12.pfb></usr/local/texlive/2025/texmf-dist/fonts/type1/pu
blic/amsfonts/symbols/msbm10.pfb>
Output written on ./main.pdf (99 pages, 741945 bytes).
Transcript written on ./main.log.
