{"inputCaseId":"single-anchor-open","passed":true,"maxDeltaE":0,"samples":[{"index":0,"delta":{"l":0,"a":0,"b":0},"deltaE":0,"rgbDelta":{"r":0,"g":0,"b":0},"canonical":{"l":0.614976942539215,"a":-6.6788365074899048e-05,"b":-0.0077685993164777756},"alternate":{"l":0.614976942539215,"a":-6.6788365074899048e-05,"b":-0.0077685993164777756}},{"index":1,"delta":{"l":0,"a":0,"b":0},"deltaE":0,"rgbDelta":{"r":0,"g":0,"b":0},"canonical":{"l":0.53989225625991821,"a":-0.010384134948253632,"b":-0.0047032642178237438},"alternate":{"l":0.53989225625991821,"a":-0.010384134948253632,"b":-0.0047032642178237438}},{"index":2,"delta":{"l":0,"a":0,"b":0},"deltaE":0,"rgbDelta":{"r":0,"g":0,"b":0},"canonical":{"l":0.62618017196655273,"a":6.19103730059578e-06,"b":-0.00818695593625307},"alternate":{"l":0.62618017196655273,"a":6.19103730059578e-06,"b":-0.00818695593625307}}]}